{
    "$schema": "https://schema.management.azure.com/schemas/2015-01-01/deploymentParameters.json#",
    "contentVersion": "1.0.0.0",
    "parameters": {
        "datastores_azureml_globaldatasets_secretsType": {
            "value": null
        },
        "datastores_workspaceartifactstore_secretsType": {
            "value": null
        },
        "datastores_workspaceblobstore_secretsType": {
            "value": null
        },
        "datastores_workspacefilestore_secretsType": {
            "value": null
        },
        "datastores_workspaceworkingdirectory_secretsType": {
            "value": null
        },
        "vulnerabilityAssessments_Default_storageContainerPath": {
            "value": null
        },
        "servers_japandbserver_name": {
            "value": null
        },
        "vaults_japanml1579894485_name": {
            "value": null
        },
        "components_japanml6946485691_name": {
            "value": null
        },
        "storageAccounts_japandatastorage_name": {
            "value": null
        },
        "storageAccounts_japanml1631883848_name": {
            "value": null
        },
        "workspaces_japan_ml_name": {
            "value": null
        },
        "workspaces_japanml3978174091_name": {
            "value": null
        },
        "actionGroups_Application_Insights_Smart_Detection_name": {
            "value": null
        },
        "systemTopics_japandatastorage_80c19614_67b2_4dd4_b7a9_02816e1f5234_name": {
            "value": null
        }
    }
}