{
    "$schema": "https://schema.management.azure.com/schemas/2019-04-01/deploymentTemplate.json#",
    "contentVersion": "1.0.0.0",
    "parameters": {
        "vulnerabilityAssessments_Default_storageContainerPath": {
            "type": "SecureString"
        },
        "servers_japandbserver_name": {
            "defaultValue": "japandbserver",
            "type": "String"
        },
        "storageAccounts_japandatastorage_name": {
            "defaultValue": "japandatastorage",
            "type": "String"
        }
    },
    "variables": {},
    "resources": [
        {
            "type": "Microsoft.Sql/servers",
            "apiVersion": "2023-08-01-preview",
            "name": "[parameters('servers_japandbserver_name')]",
            "location": "polandcentral",
            "kind": "v12.0",
            "properties": {
                "administratorLogin": "japanadmin",
                "version": "12.0",
                "minimalTlsVersion": "1.2",
                "publicNetworkAccess": "Enabled",
                "administrators": {
                    "administratorType": "ActiveDirectory",
                    "principalType": "User",
                    "login": "Mikolaj.Stryczek@microsoft.wsei.edu.pl",
                    "sid": "b0ea4723-8626-4d44-8987-fbdbefc0ee71",
                    "tenantId": "b7ed644a-d1b3-4946-85f9-30a3380c2618",
                    "azureADOnlyAuthentication": false
                },
                "restrictOutboundNetworkAccess": "Disabled"
            }
        },
        {
            "type": "Microsoft.Storage/storageAccounts",
            "apiVersion": "2023-05-01",
            "name": "[parameters('storageAccounts_japandatastorage_name')]",
            "location": "polandcentral",
            "sku": {
                "name": "Standard_LRS",
                "tier": "Standard"
            },
            "kind": "StorageV2",
            "properties": {
                "dnsEndpointType": "Standard",
                "defaultToOAuthAuthentication": false,
                "publicNetworkAccess": "Enabled",
                "allowCrossTenantReplication": false,
                "isSftpEnabled": false,
                "minimumTlsVersion": "TLS1_2",
                "allowBlobPublicAccess": false,
                "allowSharedKeyAccess": true,
                "largeFileSharesState": "Enabled",
                "isHnsEnabled": true,
                "networkAcls": {
                    "bypass": "AzureServices",
                    "virtualNetworkRules": [],
                    "ipRules": [],
                    "defaultAction": "Allow"
                },
                "supportsHttpsTrafficOnly": true,
                "encryption": {
                    "requireInfrastructureEncryption": false,
                    "services": {
                        "file": {
                            "keyType": "Account",
                            "enabled": true
                        },
                        "blob": {
                            "keyType": "Account",
                            "enabled": true
                        }
                    },
                    "keySource": "Microsoft.Storage"
                },
                "accessTier": "Hot"
            }
        },
        {
            "type": "Microsoft.Sql/servers/administrators",
            "apiVersion": "2023-08-01-preview",
            "name": "[concat(parameters('servers_japandbserver_name'), '/ActiveDirectory')]",
            "dependsOn": [
                "[resourceId('Microsoft.Sql/servers', parameters('servers_japandbserver_name'))]"
            ],
            "properties": {
                "administratorType": "ActiveDirectory",
                "login": "Mikolaj.Stryczek@microsoft.wsei.edu.pl",
                "sid": "b0ea4723-8626-4d44-8987-fbdbefc0ee71",
                "tenantId": "b7ed644a-d1b3-4946-85f9-30a3380c2618"
            }
        },
        {
            "type": "Microsoft.Sql/servers/advancedThreatProtectionSettings",
            "apiVersion": "2023-08-01-preview",
            "name": "[concat(parameters('servers_japandbserver_name'), '/Default')]",
            "dependsOn": [
                "[resourceId('Microsoft.Sql/servers', parameters('servers_japandbserver_name'))]"
            ],
            "properties": {
                "state": "Disabled"
            }
        },
        {
            "type": "Microsoft.Sql/servers/advisors",
            "apiVersion": "2014-04-01",
            "name": "[concat(parameters('servers_japandbserver_name'), '/CreateIndex')]",
            "dependsOn": [
                "[resourceId('Microsoft.Sql/servers', parameters('servers_japandbserver_name'))]"
            ],
            "properties": {
                "autoExecuteValue": "Disabled"
            }
        },
        {
            "type": "Microsoft.Sql/servers/advisors",
            "apiVersion": "2014-04-01",
            "name": "[concat(parameters('servers_japandbserver_name'), '/DbParameterization')]",
            "dependsOn": [
                "[resourceId('Microsoft.Sql/servers', parameters('servers_japandbserver_name'))]"
            ],
            "properties": {
                "autoExecuteValue": "Disabled"
            }
        },
        {
            "type": "Microsoft.Sql/servers/advisors",
            "apiVersion": "2014-04-01",
            "name": "[concat(parameters('servers_japandbserver_name'), '/DefragmentIndex')]",
            "dependsOn": [
                "[resourceId('Microsoft.Sql/servers', parameters('servers_japandbserver_name'))]"
            ],
            "properties": {
                "autoExecuteValue": "Disabled"
            }
        },
        {
            "type": "Microsoft.Sql/servers/advisors",
            "apiVersion": "2014-04-01",
            "name": "[concat(parameters('servers_japandbserver_name'), '/DropIndex')]",
            "dependsOn": [
                "[resourceId('Microsoft.Sql/servers', parameters('servers_japandbserver_name'))]"
            ],
            "properties": {
                "autoExecuteValue": "Disabled"
            }
        },
        {
            "type": "Microsoft.Sql/servers/advisors",
            "apiVersion": "2014-04-01",
            "name": "[concat(parameters('servers_japandbserver_name'), '/ForceLastGoodPlan')]",
            "dependsOn": [
                "[resourceId('Microsoft.Sql/servers', parameters('servers_japandbserver_name'))]"
            ],
            "properties": {
                "autoExecuteValue": "Enabled"
            }
        },
        {
            "type": "Microsoft.Sql/servers/auditingPolicies",
            "apiVersion": "2014-04-01",
            "name": "[concat(parameters('servers_japandbserver_name'), '/Default')]",
            "location": "Poland Central",
            "dependsOn": [
                "[resourceId('Microsoft.Sql/servers', parameters('servers_japandbserver_name'))]"
            ],
            "properties": {
                "auditingState": "Disabled"
            }
        },
        {
            "type": "Microsoft.Sql/servers/auditingSettings",
            "apiVersion": "2023-08-01-preview",
            "name": "[concat(parameters('servers_japandbserver_name'), '/Default')]",
            "dependsOn": [
                "[resourceId('Microsoft.Sql/servers', parameters('servers_japandbserver_name'))]"
            ],
            "properties": {
                "retentionDays": 0,
                "auditActionsAndGroups": [],
                "isStorageSecondaryKeyInUse": false,
                "isAzureMonitorTargetEnabled": false,
                "isManagedIdentityInUse": false,
                "state": "Disabled",
                "storageAccountSubscriptionId": "00000000-0000-0000-0000-000000000000"
            }
        },
        {
            "type": "Microsoft.Sql/servers/azureADOnlyAuthentications",
            "apiVersion": "2023-08-01-preview",
            "name": "[concat(parameters('servers_japandbserver_name'), '/Default')]",
            "dependsOn": [
                "[resourceId('Microsoft.Sql/servers', parameters('servers_japandbserver_name'))]"
            ],
            "properties": {
                "azureADOnlyAuthentication": false
            }
        },
        {
            "type": "Microsoft.Sql/servers/connectionPolicies",
            "apiVersion": "2023-08-01-preview",
            "name": "[concat(parameters('servers_japandbserver_name'), '/default')]",
            "location": "polandcentral",
            "dependsOn": [
                "[resourceId('Microsoft.Sql/servers', parameters('servers_japandbserver_name'))]"
            ],
            "properties": {
                "connectionType": "Default"
            }
        },
        {
            "type": "Microsoft.Sql/servers/databases",
            "apiVersion": "2023-08-01-preview",
            "name": "[concat(parameters('servers_japandbserver_name'), '/japan')]",
            "location": "polandcentral",
            "dependsOn": [
                "[resourceId('Microsoft.Sql/servers', parameters('servers_japandbserver_name'))]"
            ],
            "sku": {
                "name": "Basic",
                "tier": "Basic",
                "capacity": 5
            },
            "kind": "v12.0,user",
            "properties": {
                "collation": "SQL_Latin1_General_CP1_CI_AS",
                "maxSizeBytes": 2147483648,
                "catalogCollation": "SQL_Latin1_General_CP1_CI_AS",
                "zoneRedundant": false,
                "readScale": "Disabled",
                "requestedBackupStorageRedundancy": "Local",
                "maintenanceConfigurationId": "/subscriptions/57f08f70-aba5-4349-b051-84b24560fd89/providers/Microsoft.Maintenance/publicMaintenanceConfigurations/SQL_Default",
                "isLedgerOn": false,
                "availabilityZone": "NoPreference"
            }
        },
        {
            "type": "Microsoft.Sql/servers/databases/advancedThreatProtectionSettings",
            "apiVersion": "2023-08-01-preview",
            "name": "[concat(parameters('servers_japandbserver_name'), '/master/Default')]",
            "dependsOn": [
                "[resourceId('Microsoft.Sql/servers', parameters('servers_japandbserver_name'))]"
            ],
            "properties": {
                "state": "Disabled"
            }
        },
        {
            "type": "Microsoft.Sql/servers/databases/auditingPolicies",
            "apiVersion": "2014-04-01",
            "name": "[concat(parameters('servers_japandbserver_name'), '/master/Default')]",
            "location": "Poland Central",
            "dependsOn": [
                "[resourceId('Microsoft.Sql/servers', parameters('servers_japandbserver_name'))]"
            ],
            "properties": {
                "auditingState": "Disabled"
            }
        },
        {
            "type": "Microsoft.Sql/servers/databases/auditingSettings",
            "apiVersion": "2023-08-01-preview",
            "name": "[concat(parameters('servers_japandbserver_name'), '/master/Default')]",
            "dependsOn": [
                "[resourceId('Microsoft.Sql/servers', parameters('servers_japandbserver_name'))]"
            ],
            "properties": {
                "retentionDays": 0,
                "isAzureMonitorTargetEnabled": false,
                "state": "Disabled",
                "storageAccountSubscriptionId": "00000000-0000-0000-0000-000000000000"
            }
        },
        {
            "type": "Microsoft.Sql/servers/databases/extendedAuditingSettings",
            "apiVersion": "2023-08-01-preview",
            "name": "[concat(parameters('servers_japandbserver_name'), '/master/Default')]",
            "dependsOn": [
                "[resourceId('Microsoft.Sql/servers', parameters('servers_japandbserver_name'))]"
            ],
            "properties": {
                "retentionDays": 0,
                "isAzureMonitorTargetEnabled": false,
                "state": "Disabled",
                "storageAccountSubscriptionId": "00000000-0000-0000-0000-000000000000"
            }
        },
        {
            "type": "Microsoft.Sql/servers/databases/geoBackupPolicies",
            "apiVersion": "2023-08-01-preview",
            "name": "[concat(parameters('servers_japandbserver_name'), '/master/Default')]",
            "dependsOn": [
                "[resourceId('Microsoft.Sql/servers', parameters('servers_japandbserver_name'))]"
            ],
            "properties": {
                "state": "Disabled"
            }
        },
        {
            "type": "Microsoft.Sql/servers/databases/ledgerDigestUploads",
            "apiVersion": "2023-08-01-preview",
            "name": "[concat(parameters('servers_japandbserver_name'), '/master/Current')]",
            "dependsOn": [
                "[resourceId('Microsoft.Sql/servers', parameters('servers_japandbserver_name'))]"
            ],
            "properties": {}
        },
        {
            "type": "Microsoft.Sql/servers/databases/securityAlertPolicies",
            "apiVersion": "2023-08-01-preview",
            "name": "[concat(parameters('servers_japandbserver_name'), '/master/Default')]",
            "dependsOn": [
                "[resourceId('Microsoft.Sql/servers', parameters('servers_japandbserver_name'))]"
            ],
            "properties": {
                "state": "Disabled",
                "disabledAlerts": [
                    ""
                ],
                "emailAddresses": [
                    ""
                ],
                "emailAccountAdmins": false,
                "retentionDays": 0
            }
        },
        {
            "type": "Microsoft.Sql/servers/databases/transparentDataEncryption",
            "apiVersion": "2023-08-01-preview",
            "name": "[concat(parameters('servers_japandbserver_name'), '/master/Current')]",
            "dependsOn": [
                "[resourceId('Microsoft.Sql/servers', parameters('servers_japandbserver_name'))]"
            ],
            "properties": {
                "state": "Disabled"
            }
        },
        {
            "type": "Microsoft.Sql/servers/databases/vulnerabilityAssessments",
            "apiVersion": "2023-08-01-preview",
            "name": "[concat(parameters('servers_japandbserver_name'), '/master/Default')]",
            "dependsOn": [
                "[resourceId('Microsoft.Sql/servers', parameters('servers_japandbserver_name'))]"
            ],
            "properties": {
                "recurringScans": {
                    "isEnabled": false,
                    "emailSubscriptionAdmins": true
                }
            }
        },
        {
            "type": "Microsoft.Sql/servers/devOpsAuditingSettings",
            "apiVersion": "2023-08-01-preview",
            "name": "[concat(parameters('servers_japandbserver_name'), '/Default')]",
            "dependsOn": [
                "[resourceId('Microsoft.Sql/servers', parameters('servers_japandbserver_name'))]"
            ],
            "properties": {
                "isAzureMonitorTargetEnabled": false,
                "isManagedIdentityInUse": false,
                "state": "Disabled",
                "storageAccountSubscriptionId": "00000000-0000-0000-0000-000000000000"
            }
        },
        {
            "type": "Microsoft.Sql/servers/encryptionProtector",
            "apiVersion": "2023-08-01-preview",
            "name": "[concat(parameters('servers_japandbserver_name'), '/current')]",
            "dependsOn": [
                "[resourceId('Microsoft.Sql/servers', parameters('servers_japandbserver_name'))]"
            ],
            "kind": "servicemanaged",
            "properties": {
                "serverKeyName": "ServiceManaged",
                "serverKeyType": "ServiceManaged",
                "autoRotationEnabled": false
            }
        },
        {
            "type": "Microsoft.Sql/servers/extendedAuditingSettings",
            "apiVersion": "2023-08-01-preview",
            "name": "[concat(parameters('servers_japandbserver_name'), '/Default')]",
            "dependsOn": [
                "[resourceId('Microsoft.Sql/servers', parameters('servers_japandbserver_name'))]"
            ],
            "properties": {
                "retentionDays": 0,
                "auditActionsAndGroups": [],
                "isStorageSecondaryKeyInUse": false,
                "isAzureMonitorTargetEnabled": false,
                "isManagedIdentityInUse": false,
                "state": "Disabled",
                "storageAccountSubscriptionId": "00000000-0000-0000-0000-000000000000"
            }
        },
        {
            "type": "Microsoft.Sql/servers/firewallRules",
            "apiVersion": "2023-08-01-preview",
            "name": "[concat(parameters('servers_japandbserver_name'), '/AllowAllWindowsAzureIps')]",
            "dependsOn": [
                "[resourceId('Microsoft.Sql/servers', parameters('servers_japandbserver_name'))]"
            ],
            "properties": {
                "startIpAddress": "0.0.0.0",
                "endIpAddress": "0.0.0.0"
            }
        },
        {
            "type": "Microsoft.Sql/servers/firewallRules",
            "apiVersion": "2023-08-01-preview",
            "name": "[concat(parameters('servers_japandbserver_name'), '/ClientIPAddress_2024-11-16_11:58:11')]",
            "dependsOn": [
                "[resourceId('Microsoft.Sql/servers', parameters('servers_japandbserver_name'))]"
            ],
            "properties": {
                "startIpAddress": "83.10.50.98",
                "endIpAddress": "83.10.50.98"
            }
        },
        {
            "type": "Microsoft.Sql/servers/firewallRules",
            "apiVersion": "2023-08-01-preview",
            "name": "[concat(parameters('servers_japandbserver_name'), '/ClientIPAddress_2024-11-25_07:46:39')]",
            "dependsOn": [
                "[resourceId('Microsoft.Sql/servers', parameters('servers_japandbserver_name'))]"
            ],
            "properties": {
                "startIpAddress": "83.10.88.80",
                "endIpAddress": "83.10.88.80"
            }
        },
        {
            "type": "Microsoft.Sql/servers/firewallRules",
            "apiVersion": "2023-08-01-preview",
            "name": "[concat(parameters('servers_japandbserver_name'), '/ClientIPAddress_2024-11-30_19-37-51')]",
            "dependsOn": [
                "[resourceId('Microsoft.Sql/servers', parameters('servers_japandbserver_name'))]"
            ],
            "properties": {
                "startIpAddress": "77.252.63.9",
                "endIpAddress": "77.252.63.9"
            }
        },
        {
            "type": "Microsoft.Sql/servers/firewallRules",
            "apiVersion": "2023-08-01-preview",
            "name": "[concat(parameters('servers_japandbserver_name'), '/ClientIPAddress_2024-12-3_21-5-28')]",
            "dependsOn": [
                "[resourceId('Microsoft.Sql/servers', parameters('servers_japandbserver_name'))]"
            ],
            "properties": {
                "startIpAddress": "83.10.88.80",
                "endIpAddress": "83.10.88.80"
            }
        },
        {
            "type": "Microsoft.Sql/servers/firewallRules",
            "apiVersion": "2023-08-01-preview",
            "name": "[concat(parameters('servers_japandbserver_name'), '/ClientIPAddress_2025-01-11_08:01:06')]",
            "dependsOn": [
                "[resourceId('Microsoft.Sql/servers', parameters('servers_japandbserver_name'))]"
            ],
            "properties": {
                "startIpAddress": "80.49.223.25",
                "endIpAddress": "80.49.223.25"
            }
        },
        {
            "type": "Microsoft.Sql/servers/firewallRules",
            "apiVersion": "2023-08-01-preview",
            "name": "[concat(parameters('servers_japandbserver_name'), '/ClientIPAddress_2025-01-12_02:05:37')]",
            "dependsOn": [
                "[resourceId('Microsoft.Sql/servers', parameters('servers_japandbserver_name'))]"
            ],
            "properties": {
                "startIpAddress": "83.22.232.101",
                "endIpAddress": "83.22.232.101"
            }
        },
        {
            "type": "Microsoft.Sql/servers/keys",
            "apiVersion": "2023-08-01-preview",
            "name": "[concat(parameters('servers_japandbserver_name'), '/ServiceManaged')]",
            "dependsOn": [
                "[resourceId('Microsoft.Sql/servers', parameters('servers_japandbserver_name'))]"
            ],
            "kind": "servicemanaged",
            "properties": {
                "serverKeyType": "ServiceManaged"
            }
        },
        {
            "type": "Microsoft.Sql/servers/securityAlertPolicies",
            "apiVersion": "2023-08-01-preview",
            "name": "[concat(parameters('servers_japandbserver_name'), '/Default')]",
            "dependsOn": [
                "[resourceId('Microsoft.Sql/servers', parameters('servers_japandbserver_name'))]"
            ],
            "properties": {
                "state": "Disabled",
                "disabledAlerts": [
                    ""
                ],
                "emailAddresses": [
                    ""
                ],
                "emailAccountAdmins": false,
                "retentionDays": 0
            }
        },
        {
            "type": "Microsoft.Sql/servers/sqlVulnerabilityAssessments",
            "apiVersion": "2023-08-01-preview",
            "name": "[concat(parameters('servers_japandbserver_name'), '/Default')]",
            "dependsOn": [
                "[resourceId('Microsoft.Sql/servers', parameters('servers_japandbserver_name'))]"
            ],
            "properties": {
                "state": "Disabled"
            }
        },
        {
            "type": "Microsoft.Sql/servers/vulnerabilityAssessments",
            "apiVersion": "2023-08-01-preview",
            "name": "[concat(parameters('servers_japandbserver_name'), '/Default')]",
            "dependsOn": [
                "[resourceId('Microsoft.Sql/servers', parameters('servers_japandbserver_name'))]"
            ],
            "properties": {
                "recurringScans": {
                    "isEnabled": false,
                    "emailSubscriptionAdmins": true
                },
                "storageContainerPath": "[parameters('vulnerabilityAssessments_Default_storageContainerPath')]"
            }
        },
        {
            "type": "Microsoft.Storage/storageAccounts/blobServices",
            "apiVersion": "2023-05-01",
            "name": "[concat(parameters('storageAccounts_japandatastorage_name'), '/default')]",
            "dependsOn": [
                "[resourceId('Microsoft.Storage/storageAccounts', parameters('storageAccounts_japandatastorage_name'))]"
            ],
            "sku": {
                "name": "Standard_LRS",
                "tier": "Standard"
            },
            "properties": {
                "containerDeleteRetentionPolicy": {
                    "enabled": true,
                    "days": 7
                },
                "cors": {
                    "corsRules": []
                },
                "deleteRetentionPolicy": {
                    "allowPermanentDelete": false,
                    "enabled": true,
                    "days": 7
                }
            }
        },
        {
            "type": "Microsoft.Storage/storageAccounts/fileServices",
            "apiVersion": "2023-05-01",
            "name": "[concat(parameters('storageAccounts_japandatastorage_name'), '/default')]",
            "dependsOn": [
                "[resourceId('Microsoft.Storage/storageAccounts', parameters('storageAccounts_japandatastorage_name'))]"
            ],
            "sku": {
                "name": "Standard_LRS",
                "tier": "Standard"
            },
            "properties": {
                "protocolSettings": {
                    "smb": {}
                },
                "cors": {
                    "corsRules": []
                },
                "shareDeleteRetentionPolicy": {
                    "enabled": true,
                    "days": 7
                }
            }
        },
        {
            "type": "Microsoft.Storage/storageAccounts/queueServices",
            "apiVersion": "2023-05-01",
            "name": "[concat(parameters('storageAccounts_japandatastorage_name'), '/default')]",
            "dependsOn": [
                "[resourceId('Microsoft.Storage/storageAccounts', parameters('storageAccounts_japandatastorage_name'))]"
            ],
            "properties": {
                "cors": {
                    "corsRules": []
                }
            }
        },
        {
            "type": "Microsoft.Storage/storageAccounts/tableServices",
            "apiVersion": "2023-05-01",
            "name": "[concat(parameters('storageAccounts_japandatastorage_name'), '/default')]",
            "dependsOn": [
                "[resourceId('Microsoft.Storage/storageAccounts', parameters('storageAccounts_japandatastorage_name'))]"
            ],
            "properties": {
                "cors": {
                    "corsRules": []
                }
            }
        },
        {
            "type": "Microsoft.Sql/servers/databases/advancedThreatProtectionSettings",
            "apiVersion": "2023-08-01-preview",
            "name": "[concat(parameters('servers_japandbserver_name'), '/japan/Default')]",
            "dependsOn": [
                "[resourceId('Microsoft.Sql/servers/databases', parameters('servers_japandbserver_name'), 'japan')]",
                "[resourceId('Microsoft.Sql/servers', parameters('servers_japandbserver_name'))]"
            ],
            "properties": {
                "state": "Disabled"
            }
        },
        {
            "type": "Microsoft.Sql/servers/databases/advisors",
            "apiVersion": "2014-04-01",
            "name": "[concat(parameters('servers_japandbserver_name'), '/japan/CreateIndex')]",
            "dependsOn": [
                "[resourceId('Microsoft.Sql/servers/databases', parameters('servers_japandbserver_name'), 'japan')]",
                "[resourceId('Microsoft.Sql/servers', parameters('servers_japandbserver_name'))]"
            ],
            "properties": {
                "autoExecuteValue": "Disabled"
            }
        },
        {
            "type": "Microsoft.Sql/servers/databases/advisors",
            "apiVersion": "2014-04-01",
            "name": "[concat(parameters('servers_japandbserver_name'), '/japan/DbParameterization')]",
            "dependsOn": [
                "[resourceId('Microsoft.Sql/servers/databases', parameters('servers_japandbserver_name'), 'japan')]",
                "[resourceId('Microsoft.Sql/servers', parameters('servers_japandbserver_name'))]"
            ],
            "properties": {
                "autoExecuteValue": "Disabled"
            }
        },
        {
            "type": "Microsoft.Sql/servers/databases/advisors",
            "apiVersion": "2014-04-01",
            "name": "[concat(parameters('servers_japandbserver_name'), '/japan/DefragmentIndex')]",
            "dependsOn": [
                "[resourceId('Microsoft.Sql/servers/databases', parameters('servers_japandbserver_name'), 'japan')]",
                "[resourceId('Microsoft.Sql/servers', parameters('servers_japandbserver_name'))]"
            ],
            "properties": {
                "autoExecuteValue": "Disabled"
            }
        },
        {
            "type": "Microsoft.Sql/servers/databases/advisors",
            "apiVersion": "2014-04-01",
            "name": "[concat(parameters('servers_japandbserver_name'), '/japan/DropIndex')]",
            "dependsOn": [
                "[resourceId('Microsoft.Sql/servers/databases', parameters('servers_japandbserver_name'), 'japan')]",
                "[resourceId('Microsoft.Sql/servers', parameters('servers_japandbserver_name'))]"
            ],
            "properties": {
                "autoExecuteValue": "Disabled"
            }
        },
        {
            "type": "Microsoft.Sql/servers/databases/advisors",
            "apiVersion": "2014-04-01",
            "name": "[concat(parameters('servers_japandbserver_name'), '/japan/ForceLastGoodPlan')]",
            "dependsOn": [
                "[resourceId('Microsoft.Sql/servers/databases', parameters('servers_japandbserver_name'), 'japan')]",
                "[resourceId('Microsoft.Sql/servers', parameters('servers_japandbserver_name'))]"
            ],
            "properties": {
                "autoExecuteValue": "Enabled"
            }
        },
        {
            "type": "Microsoft.Sql/servers/databases/auditingPolicies",
            "apiVersion": "2014-04-01",
            "name": "[concat(parameters('servers_japandbserver_name'), '/japan/Default')]",
            "location": "Poland Central",
            "dependsOn": [
                "[resourceId('Microsoft.Sql/servers/databases', parameters('servers_japandbserver_name'), 'japan')]",
                "[resourceId('Microsoft.Sql/servers', parameters('servers_japandbserver_name'))]"
            ],
            "properties": {
                "auditingState": "Disabled"
            }
        },
        {
            "type": "Microsoft.Sql/servers/databases/auditingSettings",
            "apiVersion": "2023-08-01-preview",
            "name": "[concat(parameters('servers_japandbserver_name'), '/japan/Default')]",
            "dependsOn": [
                "[resourceId('Microsoft.Sql/servers/databases', parameters('servers_japandbserver_name'), 'japan')]",
                "[resourceId('Microsoft.Sql/servers', parameters('servers_japandbserver_name'))]"
            ],
            "properties": {
                "retentionDays": 0,
                "isAzureMonitorTargetEnabled": false,
                "state": "Disabled",
                "storageAccountSubscriptionId": "00000000-0000-0000-0000-000000000000"
            }
        },
        {
            "type": "Microsoft.Sql/servers/databases/backupLongTermRetentionPolicies",
            "apiVersion": "2023-08-01-preview",
            "name": "[concat(parameters('servers_japandbserver_name'), '/japan/default')]",
            "dependsOn": [
                "[resourceId('Microsoft.Sql/servers/databases', parameters('servers_japandbserver_name'), 'japan')]",
                "[resourceId('Microsoft.Sql/servers', parameters('servers_japandbserver_name'))]"
            ],
            "properties": {
                "weeklyRetention": "PT0S",
                "monthlyRetention": "PT0S",
                "yearlyRetention": "PT0S",
                "weekOfYear": 0
            }
        },
        {
            "type": "Microsoft.Sql/servers/databases/backupShortTermRetentionPolicies",
            "apiVersion": "2023-08-01-preview",
            "name": "[concat(parameters('servers_japandbserver_name'), '/japan/default')]",
            "dependsOn": [
                "[resourceId('Microsoft.Sql/servers/databases', parameters('servers_japandbserver_name'), 'japan')]",
                "[resourceId('Microsoft.Sql/servers', parameters('servers_japandbserver_name'))]"
            ],
            "properties": {
                "retentionDays": 7,
                "diffBackupIntervalInHours": 24
            }
        },
        {
            "type": "Microsoft.Sql/servers/databases/extendedAuditingSettings",
            "apiVersion": "2023-08-01-preview",
            "name": "[concat(parameters('servers_japandbserver_name'), '/japan/Default')]",
            "dependsOn": [
                "[resourceId('Microsoft.Sql/servers/databases', parameters('servers_japandbserver_name'), 'japan')]",
                "[resourceId('Microsoft.Sql/servers', parameters('servers_japandbserver_name'))]"
            ],
            "properties": {
                "retentionDays": 0,
                "isAzureMonitorTargetEnabled": false,
                "state": "Disabled",
                "storageAccountSubscriptionId": "00000000-0000-0000-0000-000000000000"
            }
        },
        {
            "type": "Microsoft.Sql/servers/databases/geoBackupPolicies",
            "apiVersion": "2023-08-01-preview",
            "name": "[concat(parameters('servers_japandbserver_name'), '/japan/Default')]",
            "dependsOn": [
                "[resourceId('Microsoft.Sql/servers/databases', parameters('servers_japandbserver_name'), 'japan')]",
                "[resourceId('Microsoft.Sql/servers', parameters('servers_japandbserver_name'))]"
            ],
            "properties": {
                "state": "Disabled"
            }
        },
        {
            "type": "Microsoft.Sql/servers/databases/ledgerDigestUploads",
            "apiVersion": "2023-08-01-preview",
            "name": "[concat(parameters('servers_japandbserver_name'), '/japan/Current')]",
            "dependsOn": [
                "[resourceId('Microsoft.Sql/servers/databases', parameters('servers_japandbserver_name'), 'japan')]",
                "[resourceId('Microsoft.Sql/servers', parameters('servers_japandbserver_name'))]"
            ],
            "properties": {}
        },
        {
            "type": "Microsoft.Sql/servers/databases/securityAlertPolicies",
            "apiVersion": "2023-08-01-preview",
            "name": "[concat(parameters('servers_japandbserver_name'), '/japan/Default')]",
            "dependsOn": [
                "[resourceId('Microsoft.Sql/servers/databases', parameters('servers_japandbserver_name'), 'japan')]",
                "[resourceId('Microsoft.Sql/servers', parameters('servers_japandbserver_name'))]"
            ],
            "properties": {
                "state": "Disabled",
                "disabledAlerts": [
                    ""
                ],
                "emailAddresses": [
                    ""
                ],
                "emailAccountAdmins": false,
                "retentionDays": 0
            }
        },
        {
            "type": "Microsoft.Sql/servers/databases/transparentDataEncryption",
            "apiVersion": "2023-08-01-preview",
            "name": "[concat(parameters('servers_japandbserver_name'), '/japan/Current')]",
            "dependsOn": [
                "[resourceId('Microsoft.Sql/servers/databases', parameters('servers_japandbserver_name'), 'japan')]",
                "[resourceId('Microsoft.Sql/servers', parameters('servers_japandbserver_name'))]"
            ],
            "properties": {
                "state": "Enabled"
            }
        },
        {
            "type": "Microsoft.Sql/servers/databases/vulnerabilityAssessments",
            "apiVersion": "2023-08-01-preview",
            "name": "[concat(parameters('servers_japandbserver_name'), '/japan/Default')]",
            "dependsOn": [
                "[resourceId('Microsoft.Sql/servers/databases', parameters('servers_japandbserver_name'), 'japan')]",
                "[resourceId('Microsoft.Sql/servers', parameters('servers_japandbserver_name'))]"
            ],
            "properties": {
                "recurringScans": {
                    "isEnabled": false,
                    "emailSubscriptionAdmins": true
                }
            }
        },
        {
            "type": "Microsoft.Storage/storageAccounts/blobServices/containers",
            "apiVersion": "2023-05-01",
            "name": "[concat(parameters('storageAccounts_japandatastorage_name'), '/default/custom-logs')]",
            "dependsOn": [
                "[resourceId('Microsoft.Storage/storageAccounts/blobServices', parameters('storageAccounts_japandatastorage_name'), 'default')]",
                "[resourceId('Microsoft.Storage/storageAccounts', parameters('storageAccounts_japandatastorage_name'))]"
            ],
            "properties": {
                "immutableStorageWithVersioning": {
                    "enabled": false
                },
                "defaultEncryptionScope": "$account-encryption-key",
                "denyEncryptionScopeOverride": false,
                "publicAccess": "None"
            }
        },
        {
            "type": "Microsoft.Storage/storageAccounts/blobServices/containers",
            "apiVersion": "2023-05-01",
            "name": "[concat(parameters('storageAccounts_japandatastorage_name'), '/default/japan-real-estate-data')]",
            "dependsOn": [
                "[resourceId('Microsoft.Storage/storageAccounts/blobServices', parameters('storageAccounts_japandatastorage_name'), 'default')]",
                "[resourceId('Microsoft.Storage/storageAccounts', parameters('storageAccounts_japandatastorage_name'))]"
            ],
            "properties": {
                "immutableStorageWithVersioning": {
                    "enabled": false
                },
                "defaultEncryptionScope": "$account-encryption-key",
                "denyEncryptionScopeOverride": false,
                "publicAccess": "None"
            }
        },
        {
            "type": "Microsoft.Storage/storageAccounts/blobServices/containers",
            "apiVersion": "2023-05-01",
            "name": "[concat(parameters('storageAccounts_japandatastorage_name'), '/default/japan-toyama-prefecture')]",
            "dependsOn": [
                "[resourceId('Microsoft.Storage/storageAccounts/blobServices', parameters('storageAccounts_japandatastorage_name'), 'default')]",
                "[resourceId('Microsoft.Storage/storageAccounts', parameters('storageAccounts_japandatastorage_name'))]"
            ],
            "properties": {
                "immutableStorageWithVersioning": {
                    "enabled": false
                },
                "defaultEncryptionScope": "$account-encryption-key",
                "denyEncryptionScopeOverride": false,
                "publicAccess": "None"
            }
        }
    ]
}