{
    "$schema": "https://schema.management.azure.com/schemas/2015-01-01/deploymentParameters.json#",
    "contentVersion": "1.0.0.0",
    "parameters": {
        "factoryName": {
            "value": "japan-datafactory"
        },
        "SqlServer1_password": {
            "value": ""
        },
        "AzureBlobStorage_connectionString": {
            "value": ""
        },
        "SqlServer1_properties_typeProperties_server": {
            "value": "japandbserver.database.windows.net"
        },
        "SqlServer1_properties_typeProperties_database": {
            "value": "japan"
        },
        "SqlServer1_properties_typeProperties_userName": {
            "value": "japanadmin"
        },
        "newFileAddedToStorage_properties_loadData_parameters_newBlobFileName": {
            "value": "@triggerBody().fileName"
        },
        "newFileAddedToStorage_properties_typeProperties_scope": {
            "value": "/subscriptions/57f08f70-aba5-4349-b051-84b24560fd89/resourceGroups/japan-real-estate/providers/Microsoft.Storage/storageAccounts/japandatastorage"
        },
        "containerUri": {
            "value": ""
        },
        "containerSasToken": {
            "value": ""
        }
    }
}