{
    "$schema": "http://schema.management.azure.com/schemas/2015-01-01/deploymentTemplate.json#",
    "contentVersion": "1.0.0.0",
    "parameters": {
        "factoryName": {
            "type": "string",
            "metadata": "Data Factory name",
            "defaultValue": "japan-datafactory"
        },
        "SqlServer1_password": {
            "type": "secureString",
            "metadata": "Secure string for 'password' of 'SqlServer1'"
        },
        "AzureBlobStorage_connectionString": {
            "type": "secureString",
            "metadata": "Secure string for 'connectionString' of 'AzureBlobStorage'"
        },
        "SqlServer1_properties_typeProperties_server": {
            "type": "string",
            "defaultValue": "japandbserver.database.windows.net"
        },
        "SqlServer1_properties_typeProperties_database": {
            "type": "string",
            "defaultValue": "japan"
        },
        "SqlServer1_properties_typeProperties_userName": {
            "type": "string",
            "defaultValue": "japanadmin"
        },
        "newFileAddedToStorage_properties_loadData_parameters_newBlobFileName": {
            "type": "string",
            "defaultValue": "@triggerBody().fileName"
        },
        "newFileAddedToStorage_properties_typeProperties_scope": {
            "type": "string",
            "defaultValue": "/subscriptions/57f08f70-aba5-4349-b051-84b24560fd89/resourceGroups/japan-real-estate/providers/Microsoft.Storage/storageAccounts/japandatastorage"
        },
        "containerUri": {
            "type": "string",
            "metadata": "URI to storage account containing linked ARM templates"
        },
        "containerSasToken": {
            "type": "string",
            "metadata": "Sas token to storage account containing linked ARM templates"
        }
    },
    "variables": {
        "factoryId": "[concat('Microsoft.DataFactory/factories/', parameters('factoryName'))]"
    },
    "resources": [
        {
            "name": "japan-datafactory_ArmTemplate_0",
            "type": "Microsoft.Resources/deployments",
            "apiVersion": "2024-03-01",
            "properties": {
                "mode": "incremental",
                "templateLink": {
                    "uri": "[concat(parameters('containerUri'), '/ArmTemplate_0.json', parameters('containerSasToken'))]",
                    "contentVersion": "1.0.0.0"
                },
                "parameters": {
                    "factoryName": {
                        "value": "[parameters('factoryName')]"
                    },
                    "SqlServer1_password": {
                        "value": "[parameters('SqlServer1_password')]"
                    },
                    "AzureBlobStorage_connectionString": {
                        "value": "[parameters('AzureBlobStorage_connectionString')]"
                    },
                    "SqlServer1_properties_typeProperties_server": {
                        "value": "[parameters('SqlServer1_properties_typeProperties_server')]"
                    },
                    "SqlServer1_properties_typeProperties_database": {
                        "value": "[parameters('SqlServer1_properties_typeProperties_database')]"
                    },
                    "SqlServer1_properties_typeProperties_userName": {
                        "value": "[parameters('SqlServer1_properties_typeProperties_userName')]"
                    }
                }
            },
            "dependsOn": []
        },
        {
            "name": "japan-datafactory_ArmTemplate_1",
            "type": "Microsoft.Resources/deployments",
            "apiVersion": "2024-03-01",
            "properties": {
                "mode": "incremental",
                "templateLink": {
                    "uri": "[concat(parameters('containerUri'), '/ArmTemplate_1.json', parameters('containerSasToken'))]",
                    "contentVersion": "1.0.0.0"
                },
                "parameters": {
                    "factoryName": {
                        "value": "[parameters('factoryName')]"
                    },
                    "newFileAddedToStorage_properties_loadData_parameters_newBlobFileName": {
                        "value": "[parameters('newFileAddedToStorage_properties_loadData_parameters_newBlobFileName')]"
                    },
                    "newFileAddedToStorage_properties_typeProperties_scope": {
                        "value": "[parameters('newFileAddedToStorage_properties_typeProperties_scope')]"
                    }
                }
            },
            "dependsOn": [
                "[resourceId('Microsoft.Resources/deployments', 'japan-datafactory_ArmTemplate_0')]"
            ]
        }
    ]
}