{
    "$schema": "http://schema.management.azure.com/schemas/2015-01-01/deploymentTemplate.json#",
    "contentVersion": "1.0.0.0",
    "parameters": {
        "factoryName": {
            "type": "string",
            "metadata": "Data Factory name",
            "defaultValue": "japan-datafactory"
        },
        "SqlServer1_password": {
            "type": "secureString",
            "metadata": "Secure string for 'password' of 'SqlServer1'"
        },
        "AzureBlobStorage_connectionString": {
            "type": "secureString",
            "metadata": "Secure string for 'connectionString' of 'AzureBlobStorage'"
        },
        "SqlServer1_properties_typeProperties_server": {
            "type": "string",
            "defaultValue": "japandbserver.database.windows.net"
        },
        "SqlServer1_properties_typeProperties_database": {
            "type": "string",
            "defaultValue": "japan"
        },
        "SqlServer1_properties_typeProperties_userName": {
            "type": "string",
            "defaultValue": "japanadmin"
        }
    },
    "variables": {
        "factoryId": "[concat('Microsoft.DataFactory/factories/', parameters('factoryName'))]"
    },
    "resources": [
        {
            "name": "[concat(parameters('factoryName'), '/SqlServer1')]",
            "type": "Microsoft.DataFactory/factories/linkedServices",
            "apiVersion": "2018-06-01",
            "properties": {
                "annotations": [],
                "type": "SqlServer",
                "typeProperties": {
                    "server": "[parameters('SqlServer1_properties_typeProperties_server')]",
                    "database": "[parameters('SqlServer1_properties_typeProperties_database')]",
                    "encrypt": "mandatory",
                    "trustServerCertificate": false,
                    "authenticationType": "SQL",
                    "userName": "[parameters('SqlServer1_properties_typeProperties_userName')]",
                    "password": {
                        "type": "SecureString",
                        "value": "[parameters('SqlServer1_password')]"
                    }
                }
            },
            "dependsOn": []
        },
        {
            "name": "[concat(parameters('factoryName'), '/AzureBlobStorage')]",
            "type": "Microsoft.DataFactory/factories/linkedServices",
            "apiVersion": "2018-06-01",
            "properties": {
                "annotations": [],
                "type": "AzureBlobStorage",
                "typeProperties": {
                    "connectionString": "[parameters('AzureBlobStorage_connectionString')]"
                }
            },
            "dependsOn": []
        },
        {
            "name": "[concat(parameters('factoryName'), '/ParentTable')]",
            "type": "Microsoft.DataFactory/factories/datasets",
            "apiVersion": "2018-06-01",
            "properties": {
                "linkedServiceName": {
                    "referenceName": "SqlServer1",
                    "type": "LinkedServiceReference"
                },
                "parameters": {
                    "TableName": {
                        "type": "string"
                    }
                },
                "annotations": [],
                "type": "SqlServerTable",
                "schema": [
                    {
                        "name": "ID",
                        "type": "int",
                        "precision": 10
                    },
                    {
                        "name": "Type",
                        "type": "nvarchar"
                    }
                ],
                "typeProperties": {
                    "schema": "dbo",
                    "table": {
                        "value": "@dataset().TableName",
                        "type": "Expression"
                    }
                }
            },
            "dependsOn": [
                "[concat(variables('factoryId'), '/linkedServices/SqlServer1')]"
            ]
        },
        {
            "name": "[concat(parameters('factoryName'), '/RegionsTable')]",
            "type": "Microsoft.DataFactory/factories/datasets",
            "apiVersion": "2018-06-01",
            "properties": {
                "linkedServiceName": {
                    "referenceName": "SqlServer1",
                    "type": "LinkedServiceReference"
                },
                "annotations": [],
                "type": "SqlServerTable",
                "schema": [
                    {
                        "name": "ID",
                        "type": "int",
                        "precision": 10
                    },
                    {
                        "name": "Name",
                        "type": "nvarchar"
                    }
                ],
                "typeProperties": {
                    "schema": "dbo",
                    "table": "Regions"
                }
            },
            "dependsOn": [
                "[concat(variables('factoryId'), '/linkedServices/SqlServer1')]"
            ]
        },
        {
            "name": "[concat(parameters('factoryName'), '/RealEstateTypesTable')]",
            "type": "Microsoft.DataFactory/factories/datasets",
            "apiVersion": "2018-06-01",
            "properties": {
                "linkedServiceName": {
                    "referenceName": "SqlServer1",
                    "type": "LinkedServiceReference"
                },
                "annotations": [],
                "type": "SqlServerTable",
                "schema": [
                    {
                        "name": "ID",
                        "type": "int",
                        "precision": 10
                    },
                    {
                        "name": "Type",
                        "type": "nvarchar"
                    }
                ],
                "typeProperties": {
                    "schema": "dbo",
                    "table": "RealEstateTypes"
                }
            },
            "dependsOn": [
                "[concat(variables('factoryId'), '/linkedServices/SqlServer1')]"
            ]
        },
        {
            "name": "[concat(parameters('factoryName'), '/CitiesTable')]",
            "type": "Microsoft.DataFactory/factories/datasets",
            "apiVersion": "2018-06-01",
            "properties": {
                "linkedServiceName": {
                    "referenceName": "SqlServer1",
                    "type": "LinkedServiceReference"
                },
                "annotations": [],
                "type": "SqlServerTable",
                "schema": [
                    {
                        "name": "ID",
                        "type": "int",
                        "precision": 10
                    },
                    {
                        "name": "Name",
                        "type": "nvarchar"
                    }
                ],
                "typeProperties": {
                    "schema": "dbo",
                    "table": "Cities"
                }
            },
            "dependsOn": [
                "[concat(variables('factoryId'), '/linkedServices/SqlServer1')]"
            ]
        },
        {
            "name": "[concat(parameters('factoryName'), '/PrefecturesTable')]",
            "type": "Microsoft.DataFactory/factories/datasets",
            "apiVersion": "2018-06-01",
            "properties": {
                "linkedServiceName": {
                    "referenceName": "SqlServer1",
                    "type": "LinkedServiceReference"
                },
                "annotations": [],
                "type": "SqlServerTable",
                "schema": [
                    {
                        "name": "ID",
                        "type": "int",
                        "precision": 10
                    },
                    {
                        "name": "Name",
                        "type": "nvarchar"
                    }
                ],
                "typeProperties": {
                    "schema": "dbo",
                    "table": "Prefectures"
                }
            },
            "dependsOn": [
                "[concat(variables('factoryId'), '/linkedServices/SqlServer1')]"
            ]
        },
        {
            "name": "[concat(parameters('factoryName'), '/DistrictsTable')]",
            "type": "Microsoft.DataFactory/factories/datasets",
            "apiVersion": "2018-06-01",
            "properties": {
                "linkedServiceName": {
                    "referenceName": "SqlServer1",
                    "type": "LinkedServiceReference"
                },
                "annotations": [],
                "type": "SqlServerTable",
                "schema": [
                    {
                        "name": "ID",
                        "type": "int",
                        "precision": 10
                    },
                    {
                        "name": "Name",
                        "type": "nvarchar"
                    }
                ],
                "typeProperties": {
                    "schema": "dbo",
                    "table": "Districts"
                }
            },
            "dependsOn": [
                "[concat(variables('factoryId'), '/linkedServices/SqlServer1')]"
            ]
        },
        {
            "name": "[concat(parameters('factoryName'), '/StationsTable')]",
            "type": "Microsoft.DataFactory/factories/datasets",
            "apiVersion": "2018-06-01",
            "properties": {
                "linkedServiceName": {
                    "referenceName": "SqlServer1",
                    "type": "LinkedServiceReference"
                },
                "annotations": [],
                "type": "SqlServerTable",
                "schema": [
                    {
                        "name": "ID",
                        "type": "int",
                        "precision": 10
                    },
                    {
                        "name": "Name",
                        "type": "nvarchar"
                    }
                ],
                "typeProperties": {
                    "schema": "dbo",
                    "table": "Stations"
                }
            },
            "dependsOn": [
                "[concat(variables('factoryId'), '/linkedServices/SqlServer1')]"
            ]
        },
        {
            "name": "[concat(parameters('factoryName'), '/FloorPlansTable')]",
            "type": "Microsoft.DataFactory/factories/datasets",
            "apiVersion": "2018-06-01",
            "properties": {
                "linkedServiceName": {
                    "referenceName": "SqlServer1",
                    "type": "LinkedServiceReference"
                },
                "annotations": [],
                "type": "SqlServerTable",
                "schema": [
                    {
                        "name": "ID",
                        "type": "int",
                        "precision": 10
                    },
                    {
                        "name": "Type",
                        "type": "nvarchar"
                    }
                ],
                "typeProperties": {
                    "schema": "dbo",
                    "table": "FloorPlans"
                }
            },
            "dependsOn": [
                "[concat(variables('factoryId'), '/linkedServices/SqlServer1')]"
            ]
        },
        {
            "name": "[concat(parameters('factoryName'), '/FrontageRoadTypesTable')]",
            "type": "Microsoft.DataFactory/factories/datasets",
            "apiVersion": "2018-06-01",
            "properties": {
                "linkedServiceName": {
                    "referenceName": "SqlServer1",
                    "type": "LinkedServiceReference"
                },
                "annotations": [],
                "type": "SqlServerTable",
                "schema": [
                    {
                        "name": "ID",
                        "type": "int",
                        "precision": 10
                    },
                    {
                        "name": "Type",
                        "type": "nvarchar"
                    }
                ],
                "typeProperties": {
                    "schema": "dbo",
                    "table": "FrontageRoadTypes"
                }
            },
            "dependsOn": [
                "[concat(variables('factoryId'), '/linkedServices/SqlServer1')]"
            ]
        },
        {
            "name": "[concat(parameters('factoryName'), '/Directions')]",
            "type": "Microsoft.DataFactory/factories/datasets",
            "apiVersion": "2018-06-01",
            "properties": {
                "linkedServiceName": {
                    "referenceName": "SqlServer1",
                    "type": "LinkedServiceReference"
                },
                "annotations": [],
                "type": "SqlServerTable",
                "schema": [
                    {
                        "name": "ID",
                        "type": "int",
                        "precision": 10
                    },
                    {
                        "name": "Name",
                        "type": "nvarchar"
                    }
                ],
                "typeProperties": {
                    "schema": "dbo",
                    "table": "Directions"
                }
            },
            "dependsOn": [
                "[concat(variables('factoryId'), '/linkedServices/SqlServer1')]"
            ]
        },
        {
            "name": "[concat(parameters('factoryName'), '/StructuresTable')]",
            "type": "Microsoft.DataFactory/factories/datasets",
            "apiVersion": "2018-06-01",
            "properties": {
                "linkedServiceName": {
                    "referenceName": "SqlServer1",
                    "type": "LinkedServiceReference"
                },
                "annotations": [],
                "type": "SqlServerTable",
                "schema": [
                    {
                        "name": "ID",
                        "type": "int",
                        "precision": 10
                    },
                    {
                        "name": "Name",
                        "type": "nvarchar"
                    }
                ],
                "typeProperties": {
                    "schema": "dbo",
                    "table": "Structures"
                }
            },
            "dependsOn": [
                "[concat(variables('factoryId'), '/linkedServices/SqlServer1')]"
            ]
        },
        {
            "name": "[concat(parameters('factoryName'), '/LandShapesTable')]",
            "type": "Microsoft.DataFactory/factories/datasets",
            "apiVersion": "2018-06-01",
            "properties": {
                "linkedServiceName": {
                    "referenceName": "SqlServer1",
                    "type": "LinkedServiceReference"
                },
                "annotations": [],
                "type": "SqlServerTable",
                "schema": [
                    {
                        "name": "ID",
                        "type": "int",
                        "precision": 10
                    },
                    {
                        "name": "Name",
                        "type": "nvarchar"
                    }
                ],
                "typeProperties": {
                    "schema": "dbo",
                    "table": "LandShapes"
                }
            },
            "dependsOn": [
                "[concat(variables('factoryId'), '/linkedServices/SqlServer1')]"
            ]
        },
        {
            "name": "[concat(parameters('factoryName'), '/UsageTypesTable')]",
            "type": "Microsoft.DataFactory/factories/datasets",
            "apiVersion": "2018-06-01",
            "properties": {
                "linkedServiceName": {
                    "referenceName": "SqlServer1",
                    "type": "LinkedServiceReference"
                },
                "annotations": [],
                "type": "SqlServerTable",
                "schema": [
                    {
                        "name": "ID",
                        "type": "int",
                        "precision": 10
                    },
                    {
                        "name": "Type",
                        "type": "nvarchar"
                    }
                ],
                "typeProperties": {
                    "schema": "dbo",
                    "table": "UsageTypes"
                }
            },
            "dependsOn": [
                "[concat(variables('factoryId'), '/linkedServices/SqlServer1')]"
            ]
        },
        {
            "name": "[concat(parameters('factoryName'), '/PlannigTypesTable')]",
            "type": "Microsoft.DataFactory/factories/datasets",
            "apiVersion": "2018-06-01",
            "properties": {
                "linkedServiceName": {
                    "referenceName": "SqlServer1",
                    "type": "LinkedServiceReference"
                },
                "annotations": [],
                "type": "SqlServerTable",
                "schema": [
                    {
                        "name": "ID",
                        "type": "int",
                        "precision": 10
                    },
                    {
                        "name": "Type",
                        "type": "nvarchar"
                    }
                ],
                "typeProperties": {
                    "schema": "dbo",
                    "table": "PlanningTypes"
                }
            },
            "dependsOn": [
                "[concat(variables('factoryId'), '/linkedServices/SqlServer1')]"
            ]
        },
        {
            "name": "[concat(parameters('factoryName'), '/TransactionsTable')]",
            "type": "Microsoft.DataFactory/factories/datasets",
            "apiVersion": "2018-06-01",
            "properties": {
                "linkedServiceName": {
                    "referenceName": "SqlServer1",
                    "type": "LinkedServiceReference"
                },
                "annotations": [],
                "type": "SqlServerTable",
                "schema": [
                    {
                        "name": "ID",
                        "type": "int",
                        "precision": 10
                    },
                    {
                        "name": "RealEstateType",
                        "type": "int",
                        "precision": 10
                    },
                    {
                        "name": "Region",
                        "type": "int",
                        "precision": 10
                    },
                    {
                        "name": "Prefecture",
                        "type": "int",
                        "precision": 10
                    },
                    {
                        "name": "City",
                        "type": "int",
                        "precision": 10
                    },
                    {
                        "name": "District",
                        "type": "int",
                        "precision": 10
                    },
                    {
                        "name": "NearestStation",
                        "type": "int",
                        "precision": 10
                    },
                    {
                        "name": "MinTimeToNearestStation",
                        "type": "int",
                        "precision": 10
                    },
                    {
                        "name": "MaxTimeToNearestStation",
                        "type": "int",
                        "precision": 10
                    },
                    {
                        "name": "Price",
                        "type": "money",
                        "precision": 19,
                        "scale": 4
                    },
                    {
                        "name": "UnitPrice",
                        "type": "money",
                        "precision": 19,
                        "scale": 4
                    },
                    {
                        "name": "FloorPlan",
                        "type": "int",
                        "precision": 10
                    },
                    {
                        "name": "Area",
                        "type": "decimal",
                        "precision": 18,
                        "scale": 0
                    },
                    {
                        "name": "GreatArea",
                        "type": "bit"
                    },
                    {
                        "name": "FloorArea",
                        "type": "decimal",
                        "precision": 18,
                        "scale": 0
                    },
                    {
                        "name": "GreatFloorArea",
                        "type": "bit"
                    },
                    {
                        "name": "FrontageRoadType",
                        "type": "int",
                        "precision": 10
                    },
                    {
                        "name": "FrontageRoadDirection",
                        "type": "int",
                        "precision": 10
                    },
                    {
                        "name": "FrontageRoadBreadth",
                        "type": "decimal",
                        "precision": 18,
                        "scale": 0
                    },
                    {
                        "name": "LandShape",
                        "type": "int",
                        "precision": 10
                    },
                    {
                        "name": "BuildingYear",
                        "type": "int",
                        "precision": 10
                    },
                    {
                        "name": "PrewarBuilding",
                        "type": "bit"
                    },
                    {
                        "name": "Structure",
                        "type": "int",
                        "precision": 10
                    },
                    {
                        "name": "CurrentUsage",
                        "type": "int",
                        "precision": 10
                    },
                    {
                        "name": "PostTransactionUsage",
                        "type": "int",
                        "precision": 10
                    },
                    {
                        "name": "PlanningType",
                        "type": "int",
                        "precision": 10
                    },
                    {
                        "name": "MaximumBuildingCoverageRatio",
                        "type": "decimal",
                        "precision": 18,
                        "scale": 0
                    },
                    {
                        "name": "TransactionYear",
                        "type": "int",
                        "precision": 10
                    },
                    {
                        "name": "TransactionQuarter",
                        "type": "int",
                        "precision": 10
                    }
                ],
                "typeProperties": {
                    "schema": "dbo",
                    "table": "Transactions"
                }
            },
            "dependsOn": [
                "[concat(variables('factoryId'), '/linkedServices/SqlServer1')]"
            ]
        },
        {
            "name": "[concat(parameters('factoryName'), '/japanRealEstateData')]",
            "type": "Microsoft.DataFactory/factories/datasets",
            "apiVersion": "2018-06-01",
            "properties": {
                "linkedServiceName": {
                    "referenceName": "AzureBlobStorage",
                    "type": "LinkedServiceReference"
                },
                "parameters": {
                    "newBlobFileNameDataSet": {
                        "type": "string"
                    }
                },
                "annotations": [],
                "type": "Json",
                "typeProperties": {
                    "location": {
                        "type": "AzureBlobStorageLocation",
                        "fileName": {
                            "value": "@dataset().newBlobFileNameDataSet",
                            "type": "Expression"
                        },
                        "container": "japan-real-estate-data"
                    }
                },
                "schema": {
                    "type": "object",
                    "properties": {
                        "No": {
                            "type": "integer"
                        },
                        "Type": {
                            "type": "string"
                        },
                        "Region": {
                            "type": "string"
                        },
                        "MunicipalityCode": {
                            "type": "integer"
                        },
                        "Prefecture": {
                            "type": "string"
                        },
                        "Municipality": {
                            "type": "string"
                        },
                        "DistrictName": {
                            "type": "string"
                        },
                        "NearestStation": {
                            "type": "string"
                        },
                        "TimeToNearestStation": {
                            "type": "string"
                        },
                        "MinTimeToNearestStation": {
                            "type": "integer"
                        },
                        "MaxTimeToNearestStation": {
                            "type": "integer"
                        },
                        "TradePrice": {
                            "type": "integer"
                        },
                        "FloorPlan": {
                            "type": "string"
                        },
                        "Area": {
                            "type": "integer"
                        },
                        "AreaIsGreaterFlag": {
                            "type": "integer"
                        },
                        "UnitPrice": {
                            "type": "integer"
                        },
                        "PricePerTsubo": {
                            "type": "integer"
                        },
                        "LandShape": {
                            "type": "string"
                        },
                        "Frontage": {
                            "type": "number"
                        },
                        "FrontageIsGreaterFlag": {
                            "type": "boolean"
                        },
                        "TotalFloorArea": {
                            "type": "integer"
                        },
                        "TotalFloorAreaIsGreaterFlag": {
                            "type": "integer"
                        },
                        "BuildingYear": {
                            "type": "integer"
                        },
                        "PrewarBuilding": {
                            "type": "integer"
                        },
                        "Structure": {
                            "type": "string"
                        },
                        "Use": {
                            "type": "string"
                        },
                        "Purpose": {
                            "type": "string"
                        },
                        "Direction": {
                            "type": "string"
                        },
                        "Classification": {
                            "type": "string"
                        },
                        "Breadth": {
                            "type": "number"
                        },
                        "CityPlanning": {
                            "type": "string"
                        },
                        "CoverageRatio": {
                            "type": "integer"
                        },
                        "FloorAreaRatio": {
                            "type": "integer"
                        },
                        "Period": {
                            "type": "string"
                        },
                        "Year": {
                            "type": "integer"
                        },
                        "Quarter": {
                            "type": "integer"
                        },
                        "Renovation": {
                            "type": "string"
                        },
                        "Remarks": {
                            "type": "string"
                        }
                    }
                }
            },
            "dependsOn": [
                "[concat(variables('factoryId'), '/linkedServices/AzureBlobStorage')]"
            ]
        },
        {
            "name": "[concat(parameters('factoryName'), '/loadTransactions')]",
            "type": "Microsoft.DataFactory/factories/dataflows",
            "apiVersion": "2018-06-01",
            "properties": {
                "type": "MappingDataFlow",
                "typeProperties": {
                    "sources": [
                        {
                            "dataset": {
                                "referenceName": "japanRealEstateData",
                                "type": "DatasetReference"
                            },
                            "name": "getPrefectureRealEstateData"
                        },
                        {
                            "dataset": {
                                "referenceName": "RealEstateTypesTable",
                                "type": "DatasetReference"
                            },
                            "name": "getExistingRealEstateTypes"
                        },
                        {
                            "dataset": {
                                "referenceName": "RegionsTable",
                                "type": "DatasetReference"
                            },
                            "name": "getExistingRegions"
                        },
                        {
                            "dataset": {
                                "referenceName": "PrefecturesTable",
                                "type": "DatasetReference"
                            },
                            "name": "getExistingPrefectures"
                        },
                        {
                            "dataset": {
                                "referenceName": "CitiesTable",
                                "type": "DatasetReference"
                            },
                            "name": "getExistingCities"
                        },
                        {
                            "dataset": {
                                "referenceName": "DistrictsTable",
                                "type": "DatasetReference"
                            },
                            "name": "getExistingDistricts"
                        },
                        {
                            "dataset": {
                                "referenceName": "StationsTable",
                                "type": "DatasetReference"
                            },
                            "name": "getExistingStations"
                        },
                        {
                            "dataset": {
                                "referenceName": "FloorPlansTable",
                                "type": "DatasetReference"
                            },
                            "name": "getExistingFloorPlans"
                        },
                        {
                            "dataset": {
                                "referenceName": "FrontageRoadTypesTable",
                                "type": "DatasetReference"
                            },
                            "name": "getExistingFrontageRoadTypes"
                        },
                        {
                            "dataset": {
                                "referenceName": "Directions",
                                "type": "DatasetReference"
                            },
                            "name": "getExistingFrontageRoadDirections"
                        },
                        {
                            "dataset": {
                                "referenceName": "LandShapesTable",
                                "type": "DatasetReference"
                            },
                            "name": "getExistingLandShapes"
                        },
                        {
                            "dataset": {
                                "referenceName": "StructuresTable",
                                "type": "DatasetReference"
                            },
                            "name": "getExistingStructures"
                        },
                        {
                            "dataset": {
                                "referenceName": "UsageTypesTable",
                                "type": "DatasetReference"
                            },
                            "name": "getExistingUsageTypes"
                        },
                        {
                            "dataset": {
                                "referenceName": "PlannigTypesTable",
                                "type": "DatasetReference"
                            },
                            "name": "getExistingPlanningTypes"
                        }
                    ],
                    "sinks": [
                        {
                            "dataset": {
                                "referenceName": "TransactionsTable",
                                "type": "DatasetReference"
                            },
                            "name": "loadData"
                        }
                    ],
                    "transformations": [
                        {
                            "name": "filterColumns"
                        },
                        {
                            "name": "joinRealEstateTypesData"
                        },
                        {
                            "name": "useRealEstateTypeID"
                        },
                        {
                            "name": "joinRegionsData"
                        },
                        {
                            "name": "useRegionID"
                        },
                        {
                            "name": "joinPrefecturesData"
                        },
                        {
                            "name": "usePrefectureID"
                        },
                        {
                            "name": "joinCitiesData"
                        },
                        {
                            "name": "useCityID"
                        },
                        {
                            "name": "joinDistrictsData"
                        },
                        {
                            "name": "useDistrictID"
                        },
                        {
                            "name": "joinStationsData"
                        },
                        {
                            "name": "useStationID"
                        },
                        {
                            "name": "joinFloorPlansData"
                        },
                        {
                            "name": "useFloorPlanID"
                        },
                        {
                            "name": "joinFrontageRoadTypesData"
                        },
                        {
                            "name": "useFrontageRoadTypeID"
                        },
                        {
                            "name": "joinFrontageRoadDirectionsData"
                        },
                        {
                            "name": "useDirectionID"
                        },
                        {
                            "name": "joinLandShapesData"
                        },
                        {
                            "name": "useLandShapeID"
                        },
                        {
                            "name": "joinStructuresData"
                        },
                        {
                            "name": "useStructuresID"
                        },
                        {
                            "name": "joinCurrentUsageTypesData"
                        },
                        {
                            "name": "useCurrentUsageID"
                        },
                        {
                            "name": "joinPostTransactionUsageTypesData"
                        },
                        {
                            "name": "usePostTransactionUsageID"
                        },
                        {
                            "name": "joinPlanningTypesData"
                        },
                        {
                            "name": "usePlannigTypeID"
                        }
                    ],
                    "scriptLines": [
                        "source(output(",
                        "          No as integer,",
                        "          Type as string,",
                        "          Region as string,",
                        "          MunicipalityCode as integer,",
                        "          Prefecture as string,",
                        "          Municipality as string,",
                        "          DistrictName as string,",
                        "          NearestStation as string,",
                        "          TimeToNearestStation as string,",
                        "          MinTimeToNearestStation as integer,",
                        "          MaxTimeToNearestStation as integer,",
                        "          TradePrice as integer,",
                        "          FloorPlan as string,",
                        "          Area as integer,",
                        "          AreaIsGreaterFlag as integer,",
                        "          UnitPrice as integer,",
                        "          PricePerTsubo as integer,",
                        "          LandShape as string,",
                        "          Frontage as double,",
                        "          FrontageIsGreaterFlag as boolean,",
                        "          TotalFloorArea as integer,",
                        "          TotalFloorAreaIsGreaterFlag as integer,",
                        "          BuildingYear as integer,",
                        "          PrewarBuilding as integer,",
                        "          Structure as string,",
                        "          Use as string,",
                        "          Purpose as string,",
                        "          Direction as string,",
                        "          Classification as string,",
                        "          Breadth as double,",
                        "          CityPlanning as string,",
                        "          CoverageRatio as integer,",
                        "          FloorAreaRatio as integer,",
                        "          Period as string,",
                        "          Year as integer,",
                        "          Quarter as integer,",
                        "          Renovation as string,",
                        "          Remarks as string",
                        "     ),",
                        "     allowSchemaDrift: true,",
                        "     validateSchema: false,",
                        "     ignoreNoFilesFound: false,",
                        "     documentForm: 'arrayOfDocuments',",
                        "     mode: 'read') ~> getPrefectureRealEstateData",
                        "source(output(",
                        "          ID as integer,",
                        "          Type as string",
                        "     ),",
                        "     allowSchemaDrift: true,",
                        "     validateSchema: false,",
                        "     isolationLevel: 'READ_UNCOMMITTED',",
                        "     format: 'table') ~> getExistingRealEstateTypes",
                        "source(output(",
                        "          ID as integer,",
                        "          Name as string",
                        "     ),",
                        "     allowSchemaDrift: true,",
                        "     validateSchema: false,",
                        "     isolationLevel: 'READ_UNCOMMITTED',",
                        "     format: 'table') ~> getExistingRegions",
                        "source(output(",
                        "          ID as integer,",
                        "          Name as string",
                        "     ),",
                        "     allowSchemaDrift: true,",
                        "     validateSchema: false,",
                        "     isolationLevel: 'READ_UNCOMMITTED',",
                        "     format: 'table') ~> getExistingPrefectures",
                        "source(output(",
                        "          ID as integer,",
                        "          Name as string",
                        "     ),",
                        "     allowSchemaDrift: true,",
                        "     validateSchema: false,",
                        "     isolationLevel: 'READ_UNCOMMITTED',",
                        "     format: 'table') ~> getExistingCities",
                        "source(output(",
                        "          ID as integer,",
                        "          Name as string",
                        "     ),",
                        "     allowSchemaDrift: true,",
                        "     validateSchema: false,",
                        "     isolationLevel: 'READ_UNCOMMITTED',",
                        "     format: 'table') ~> getExistingDistricts",
                        "source(output(",
                        "          ID as integer,",
                        "          Name as string",
                        "     ),",
                        "     allowSchemaDrift: true,",
                        "     validateSchema: false,",
                        "     isolationLevel: 'READ_UNCOMMITTED',",
                        "     format: 'table') ~> getExistingStations",
                        "source(output(",
                        "          ID as integer,",
                        "          Type as string",
                        "     ),",
                        "     allowSchemaDrift: true,",
                        "     validateSchema: false,",
                        "     isolationLevel: 'READ_UNCOMMITTED',",
                        "     format: 'table') ~> getExistingFloorPlans",
                        "source(output(",
                        "          ID as integer,",
                        "          Type as string",
                        "     ),",
                        "     allowSchemaDrift: true,",
                        "     validateSchema: false,",
                        "     isolationLevel: 'READ_UNCOMMITTED',",
                        "     format: 'table') ~> getExistingFrontageRoadTypes",
                        "source(output(",
                        "          ID as integer,",
                        "          Name as string",
                        "     ),",
                        "     allowSchemaDrift: true,",
                        "     validateSchema: false,",
                        "     isolationLevel: 'READ_UNCOMMITTED',",
                        "     format: 'table') ~> getExistingFrontageRoadDirections",
                        "source(output(",
                        "          ID as integer,",
                        "          Name as string",
                        "     ),",
                        "     allowSchemaDrift: true,",
                        "     validateSchema: false,",
                        "     isolationLevel: 'READ_UNCOMMITTED',",
                        "     format: 'table') ~> getExistingLandShapes",
                        "source(output(",
                        "          ID as integer,",
                        "          Name as string",
                        "     ),",
                        "     allowSchemaDrift: true,",
                        "     validateSchema: false,",
                        "     isolationLevel: 'READ_UNCOMMITTED',",
                        "     format: 'table') ~> getExistingStructures",
                        "source(output(",
                        "          ID as integer,",
                        "          Type as string",
                        "     ),",
                        "     allowSchemaDrift: true,",
                        "     validateSchema: false,",
                        "     isolationLevel: 'READ_UNCOMMITTED',",
                        "     format: 'table') ~> getExistingUsageTypes",
                        "source(output(",
                        "          ID as integer,",
                        "          Type as string",
                        "     ),",
                        "     allowSchemaDrift: true,",
                        "     validateSchema: false,",
                        "     isolationLevel: 'READ_UNCOMMITTED',",
                        "     format: 'table') ~> getExistingPlanningTypes",
                        "getPrefectureRealEstateData select(mapColumn(",
                        "          No,",
                        "          RealEstateType = Type,",
                        "          Region,",
                        "          Prefecture,",
                        "          City = Municipality,",
                        "          District = DistrictName,",
                        "          NearestStation,",
                        "          TimeToNearestStation,",
                        "          MinTimeToNearestStation,",
                        "          MaxTimeToNearestStation,",
                        "          Price = TradePrice,",
                        "          UnitPrice,",
                        "          FloorPlan,",
                        "          Area,",
                        "          GreatArea = AreaIsGreaterFlag,",
                        "          FloorArea = TotalFloorArea,",
                        "          GreatFloorArea = TotalFloorAreaIsGreaterFlag,",
                        "          Frontage,",
                        "          GreatFrontage = FrontageIsGreaterFlag,",
                        "          FrontageRoadType = Classification,",
                        "          FrontageRoadDirection = Direction,",
                        "          FrontageRoadBreadth = Breadth,",
                        "          LandShape,",
                        "          BuildingYear,",
                        "          PrewarBuilding,",
                        "          Structure,",
                        "          CurrentUsage = Use,",
                        "          PostTransactionUsage = Purpose,",
                        "          PlanningType = CityPlanning,",
                        "          MaximumBuildingCoverageRatio = CoverageRatio,",
                        "          TransactionYear = Year,",
                        "          TransactionQuarter = Quarter",
                        "     ),",
                        "     skipDuplicateMapInputs: true,",
                        "     skipDuplicateMapOutputs: true) ~> filterColumns",
                        "filterColumns, getExistingRealEstateTypes lookup(RealEstateType == Type,",
                        "     multiple: true,",
                        "     broadcast: 'auto')~> joinRealEstateTypesData",
                        "joinRealEstateTypesData select(mapColumn(",
                        "          No,",
                        "          RealEstateType = ID,",
                        "          Region,",
                        "          Prefecture,",
                        "          City,",
                        "          District,",
                        "          NearestStation,",
                        "          TimeToNearestStation,",
                        "          MinTimeToNearestStation,",
                        "          MaxTimeToNearestStation,",
                        "          Price,",
                        "          UnitPrice,",
                        "          FloorPlan,",
                        "          Area,",
                        "          GreatArea,",
                        "          FloorArea,",
                        "          GreatFloorArea,",
                        "          Frontage,",
                        "          GreatFrontage,",
                        "          FrontageRoadType,",
                        "          FrontageRoadDirection,",
                        "          FrontageRoadBreadth,",
                        "          LandShape,",
                        "          BuildingYear,",
                        "          PrewarBuilding,",
                        "          Structure,",
                        "          CurrentUsage,",
                        "          PostTransactionUsage,",
                        "          PlanningType,",
                        "          MaximumBuildingCoverageRatio,",
                        "          TransactionYear,",
                        "          TransactionQuarter",
                        "     ),",
                        "     skipDuplicateMapInputs: true,",
                        "     skipDuplicateMapOutputs: true) ~> useRealEstateTypeID",
                        "useRealEstateTypeID, getExistingRegions lookup(Region == Name,",
                        "     multiple: true,",
                        "     broadcast: 'auto')~> joinRegionsData",
                        "joinRegionsData select(mapColumn(",
                        "          No,",
                        "          RealEstateType,",
                        "          Region = ID,",
                        "          Prefecture,",
                        "          City,",
                        "          District,",
                        "          NearestStation,",
                        "          TimeToNearestStation,",
                        "          MinTimeToNearestStation,",
                        "          MaxTimeToNearestStation,",
                        "          Price,",
                        "          UnitPrice,",
                        "          FloorPlan,",
                        "          Area,",
                        "          GreatArea,",
                        "          FloorArea,",
                        "          GreatFloorArea,",
                        "          Frontage,",
                        "          GreatFrontage,",
                        "          FrontageRoadType,",
                        "          FrontageRoadDirection,",
                        "          FrontageRoadBreadth,",
                        "          LandShape,",
                        "          BuildingYear,",
                        "          PrewarBuilding,",
                        "          Structure,",
                        "          CurrentUsage,",
                        "          PostTransactionUsage,",
                        "          PlanningType,",
                        "          MaximumBuildingCoverageRatio,",
                        "          TransactionYear,",
                        "          TransactionQuarter",
                        "     ),",
                        "     skipDuplicateMapInputs: true,",
                        "     skipDuplicateMapOutputs: true) ~> useRegionID",
                        "useRegionID, getExistingPrefectures lookup(Prefecture == Name,",
                        "     multiple: true,",
                        "     broadcast: 'auto')~> joinPrefecturesData",
                        "joinPrefecturesData select(mapColumn(",
                        "          No,",
                        "          RealEstateType,",
                        "          Region,",
                        "          Prefecture = ID,",
                        "          City,",
                        "          District,",
                        "          NearestStation,",
                        "          TimeToNearestStation,",
                        "          MinTimeToNearestStation,",
                        "          MaxTimeToNearestStation,",
                        "          Price,",
                        "          UnitPrice,",
                        "          FloorPlan,",
                        "          Area,",
                        "          GreatArea,",
                        "          FloorArea,",
                        "          GreatFloorArea,",
                        "          Frontage,",
                        "          GreatFrontage,",
                        "          FrontageRoadType,",
                        "          FrontageRoadDirection,",
                        "          FrontageRoadBreadth,",
                        "          LandShape,",
                        "          BuildingYear,",
                        "          PrewarBuilding,",
                        "          Structure,",
                        "          CurrentUsage,",
                        "          PostTransactionUsage,",
                        "          PlanningType,",
                        "          MaximumBuildingCoverageRatio,",
                        "          TransactionYear,",
                        "          TransactionQuarter",
                        "     ),",
                        "     skipDuplicateMapInputs: true,",
                        "     skipDuplicateMapOutputs: true) ~> usePrefectureID",
                        "usePrefectureID, getExistingCities lookup(City == Name,",
                        "     multiple: true,",
                        "     broadcast: 'auto')~> joinCitiesData",
                        "joinCitiesData select(mapColumn(",
                        "          No,",
                        "          RealEstateType,",
                        "          Region,",
                        "          Prefecture,",
                        "          City = ID,",
                        "          District,",
                        "          NearestStation,",
                        "          TimeToNearestStation,",
                        "          MinTimeToNearestStation,",
                        "          MaxTimeToNearestStation,",
                        "          Price,",
                        "          UnitPrice,",
                        "          FloorPlan,",
                        "          Area,",
                        "          GreatArea,",
                        "          FloorArea,",
                        "          GreatFloorArea,",
                        "          Frontage,",
                        "          GreatFrontage,",
                        "          FrontageRoadType,",
                        "          FrontageRoadDirection,",
                        "          FrontageRoadBreadth,",
                        "          LandShape,",
                        "          BuildingYear,",
                        "          PrewarBuilding,",
                        "          Structure,",
                        "          CurrentUsage,",
                        "          PostTransactionUsage,",
                        "          PlanningType,",
                        "          MaximumBuildingCoverageRatio,",
                        "          TransactionYear,",
                        "          TransactionQuarter",
                        "     ),",
                        "     skipDuplicateMapInputs: true,",
                        "     skipDuplicateMapOutputs: true) ~> useCityID",
                        "useCityID, getExistingDistricts lookup(District == Name,",
                        "     multiple: true,",
                        "     broadcast: 'auto')~> joinDistrictsData",
                        "joinDistrictsData select(mapColumn(",
                        "          No,",
                        "          RealEstateType,",
                        "          Region,",
                        "          Prefecture,",
                        "          City,",
                        "          District = ID,",
                        "          NearestStation,",
                        "          TimeToNearestStation,",
                        "          MinTimeToNearestStation,",
                        "          MaxTimeToNearestStation,",
                        "          Price,",
                        "          UnitPrice,",
                        "          FloorPlan,",
                        "          Area,",
                        "          GreatArea,",
                        "          FloorArea,",
                        "          GreatFloorArea,",
                        "          Frontage,",
                        "          GreatFrontage,",
                        "          FrontageRoadType,",
                        "          FrontageRoadDirection,",
                        "          FrontageRoadBreadth,",
                        "          LandShape,",
                        "          BuildingYear,",
                        "          PrewarBuilding,",
                        "          Structure,",
                        "          CurrentUsage,",
                        "          PostTransactionUsage,",
                        "          PlanningType,",
                        "          MaximumBuildingCoverageRatio,",
                        "          TransactionYear,",
                        "          TransactionQuarter",
                        "     ),",
                        "     skipDuplicateMapInputs: true,",
                        "     skipDuplicateMapOutputs: true) ~> useDistrictID",
                        "useDistrictID, getExistingStations lookup(NearestStation == Name,",
                        "     multiple: true,",
                        "     broadcast: 'auto')~> joinStationsData",
                        "joinStationsData select(mapColumn(",
                        "          No,",
                        "          RealEstateType,",
                        "          Region,",
                        "          Prefecture,",
                        "          City,",
                        "          District,",
                        "          NearestStation = ID,",
                        "          TimeToNearestStation,",
                        "          MinTimeToNearestStation,",
                        "          MaxTimeToNearestStation,",
                        "          Price,",
                        "          UnitPrice,",
                        "          FloorPlan,",
                        "          Area,",
                        "          GreatArea,",
                        "          FloorArea,",
                        "          GreatFloorArea,",
                        "          Frontage,",
                        "          GreatFrontage,",
                        "          FrontageRoadType,",
                        "          FrontageRoadDirection,",
                        "          FrontageRoadBreadth,",
                        "          LandShape,",
                        "          BuildingYear,",
                        "          PrewarBuilding,",
                        "          Structure,",
                        "          CurrentUsage,",
                        "          PostTransactionUsage,",
                        "          PlanningType,",
                        "          MaximumBuildingCoverageRatio,",
                        "          TransactionYear,",
                        "          TransactionQuarter",
                        "     ),",
                        "     skipDuplicateMapInputs: true,",
                        "     skipDuplicateMapOutputs: true) ~> useStationID",
                        "useStationID, getExistingFloorPlans lookup(FloorPlan == Type,",
                        "     multiple: true,",
                        "     broadcast: 'auto')~> joinFloorPlansData",
                        "joinFloorPlansData select(mapColumn(",
                        "          No,",
                        "          RealEstateType,",
                        "          Region,",
                        "          Prefecture,",
                        "          City,",
                        "          District,",
                        "          NearestStation,",
                        "          TimeToNearestStation,",
                        "          MinTimeToNearestStation,",
                        "          MaxTimeToNearestStation,",
                        "          Price,",
                        "          UnitPrice,",
                        "          FloorPlan = ID,",
                        "          Area,",
                        "          GreatArea,",
                        "          FloorArea,",
                        "          GreatFloorArea,",
                        "          Frontage,",
                        "          GreatFrontage,",
                        "          FrontageRoadType,",
                        "          FrontageRoadDirection,",
                        "          FrontageRoadBreadth,",
                        "          LandShape,",
                        "          BuildingYear,",
                        "          PrewarBuilding,",
                        "          Structure,",
                        "          CurrentUsage,",
                        "          PostTransactionUsage,",
                        "          PlanningType,",
                        "          MaximumBuildingCoverageRatio,",
                        "          TransactionYear,",
                        "          TransactionQuarter",
                        "     ),",
                        "     skipDuplicateMapInputs: true,",
                        "     skipDuplicateMapOutputs: true) ~> useFloorPlanID",
                        "useFloorPlanID, getExistingFrontageRoadTypes lookup(FrontageRoadType == Type,",
                        "     multiple: true,",
                        "     broadcast: 'auto')~> joinFrontageRoadTypesData",
                        "joinFrontageRoadTypesData select(mapColumn(",
                        "          No,",
                        "          RealEstateType,",
                        "          Region,",
                        "          Prefecture,",
                        "          City,",
                        "          District,",
                        "          NearestStation,",
                        "          TimeToNearestStation,",
                        "          MinTimeToNearestStation,",
                        "          MaxTimeToNearestStation,",
                        "          Price,",
                        "          UnitPrice,",
                        "          FloorPlan,",
                        "          Area,",
                        "          GreatArea,",
                        "          FloorArea,",
                        "          GreatFloorArea,",
                        "          Frontage,",
                        "          GreatFrontage,",
                        "          FrontageRoadType = ID,",
                        "          FrontageRoadDirection,",
                        "          FrontageRoadBreadth,",
                        "          LandShape,",
                        "          BuildingYear,",
                        "          PrewarBuilding,",
                        "          Structure,",
                        "          CurrentUsage,",
                        "          PostTransactionUsage,",
                        "          PlanningType,",
                        "          MaximumBuildingCoverageRatio,",
                        "          TransactionYear,",
                        "          TransactionQuarter",
                        "     ),",
                        "     skipDuplicateMapInputs: true,",
                        "     skipDuplicateMapOutputs: true) ~> useFrontageRoadTypeID",
                        "useFrontageRoadTypeID, getExistingFrontageRoadDirections lookup(FrontageRoadDirection == Name,",
                        "     multiple: true,",
                        "     broadcast: 'auto')~> joinFrontageRoadDirectionsData",
                        "joinFrontageRoadDirectionsData select(mapColumn(",
                        "          No,",
                        "          RealEstateType,",
                        "          Region,",
                        "          Prefecture,",
                        "          City,",
                        "          District,",
                        "          NearestStation,",
                        "          TimeToNearestStation,",
                        "          MinTimeToNearestStation,",
                        "          MaxTimeToNearestStation,",
                        "          Price,",
                        "          UnitPrice,",
                        "          FloorPlan,",
                        "          Area,",
                        "          GreatArea,",
                        "          FloorArea,",
                        "          GreatFloorArea,",
                        "          Frontage,",
                        "          GreatFrontage,",
                        "          FrontageRoadType,",
                        "          FrontageRoadDirection = ID,",
                        "          FrontageRoadBreadth,",
                        "          LandShape,",
                        "          BuildingYear,",
                        "          PrewarBuilding,",
                        "          Structure,",
                        "          CurrentUsage,",
                        "          PostTransactionUsage,",
                        "          PlanningType,",
                        "          MaximumBuildingCoverageRatio,",
                        "          TransactionYear,",
                        "          TransactionQuarter",
                        "     ),",
                        "     skipDuplicateMapInputs: true,",
                        "     skipDuplicateMapOutputs: true) ~> useDirectionID",
                        "useDirectionID, getExistingLandShapes lookup(LandShape == Name,",
                        "     multiple: true,",
                        "     broadcast: 'auto')~> joinLandShapesData",
                        "joinLandShapesData select(mapColumn(",
                        "          No,",
                        "          RealEstateType,",
                        "          Region,",
                        "          Prefecture,",
                        "          City,",
                        "          District,",
                        "          NearestStation,",
                        "          TimeToNearestStation,",
                        "          MinTimeToNearestStation,",
                        "          MaxTimeToNearestStation,",
                        "          Price,",
                        "          UnitPrice,",
                        "          FloorPlan,",
                        "          Area,",
                        "          GreatArea,",
                        "          FloorArea,",
                        "          GreatFloorArea,",
                        "          Frontage,",
                        "          GreatFrontage,",
                        "          FrontageRoadType,",
                        "          FrontageRoadDirection,",
                        "          FrontageRoadBreadth,",
                        "          LandShape = ID,",
                        "          BuildingYear,",
                        "          PrewarBuilding,",
                        "          Structure,",
                        "          CurrentUsage,",
                        "          PostTransactionUsage,",
                        "          PlanningType,",
                        "          MaximumBuildingCoverageRatio,",
                        "          TransactionYear,",
                        "          TransactionQuarter",
                        "     ),",
                        "     skipDuplicateMapInputs: true,",
                        "     skipDuplicateMapOutputs: true) ~> useLandShapeID",
                        "useLandShapeID, getExistingStructures lookup(Structure == Name,",
                        "     multiple: true,",
                        "     broadcast: 'auto')~> joinStructuresData",
                        "joinStructuresData select(mapColumn(",
                        "          No,",
                        "          RealEstateType,",
                        "          Region,",
                        "          Prefecture,",
                        "          City,",
                        "          District,",
                        "          NearestStation,",
                        "          TimeToNearestStation,",
                        "          MinTimeToNearestStation,",
                        "          MaxTimeToNearestStation,",
                        "          Price,",
                        "          UnitPrice,",
                        "          FloorPlan,",
                        "          Area,",
                        "          GreatArea,",
                        "          FloorArea,",
                        "          GreatFloorArea,",
                        "          Frontage,",
                        "          GreatFrontage,",
                        "          FrontageRoadType,",
                        "          FrontageRoadDirection,",
                        "          FrontageRoadBreadth,",
                        "          LandShape,",
                        "          BuildingYear,",
                        "          PrewarBuilding,",
                        "          Structure = ID,",
                        "          CurrentUsage,",
                        "          PostTransactionUsage,",
                        "          PlanningType,",
                        "          MaximumBuildingCoverageRatio,",
                        "          TransactionYear,",
                        "          TransactionQuarter",
                        "     ),",
                        "     skipDuplicateMapInputs: true,",
                        "     skipDuplicateMapOutputs: true) ~> useStructuresID",
                        "useStructuresID, getExistingUsageTypes lookup(CurrentUsage == Type,",
                        "     multiple: true,",
                        "     broadcast: 'auto')~> joinCurrentUsageTypesData",
                        "joinCurrentUsageTypesData select(mapColumn(",
                        "          No,",
                        "          RealEstateType,",
                        "          Region,",
                        "          Prefecture,",
                        "          City,",
                        "          District,",
                        "          NearestStation,",
                        "          TimeToNearestStation,",
                        "          MinTimeToNearestStation,",
                        "          MaxTimeToNearestStation,",
                        "          Price,",
                        "          UnitPrice,",
                        "          FloorPlan,",
                        "          Area,",
                        "          GreatArea,",
                        "          FloorArea,",
                        "          GreatFloorArea,",
                        "          Frontage,",
                        "          GreatFrontage,",
                        "          FrontageRoadType,",
                        "          FrontageRoadDirection,",
                        "          FrontageRoadBreadth,",
                        "          LandShape,",
                        "          BuildingYear,",
                        "          PrewarBuilding,",
                        "          Structure,",
                        "          CurrentUsage = ID,",
                        "          PostTransactionUsage,",
                        "          PlanningType,",
                        "          MaximumBuildingCoverageRatio,",
                        "          TransactionYear,",
                        "          TransactionQuarter",
                        "     ),",
                        "     skipDuplicateMapInputs: true,",
                        "     skipDuplicateMapOutputs: true) ~> useCurrentUsageID",
                        "useCurrentUsageID, getExistingUsageTypes lookup(PostTransactionUsage == Type,",
                        "     multiple: true,",
                        "     broadcast: 'auto')~> joinPostTransactionUsageTypesData",
                        "joinPostTransactionUsageTypesData select(mapColumn(",
                        "          No,",
                        "          RealEstateType,",
                        "          Region,",
                        "          Prefecture,",
                        "          City,",
                        "          District,",
                        "          NearestStation,",
                        "          TimeToNearestStation,",
                        "          MinTimeToNearestStation,",
                        "          MaxTimeToNearestStation,",
                        "          Price,",
                        "          UnitPrice,",
                        "          FloorPlan,",
                        "          Area,",
                        "          GreatArea,",
                        "          FloorArea,",
                        "          GreatFloorArea,",
                        "          Frontage,",
                        "          GreatFrontage,",
                        "          FrontageRoadType,",
                        "          FrontageRoadDirection,",
                        "          FrontageRoadBreadth,",
                        "          LandShape,",
                        "          BuildingYear,",
                        "          PrewarBuilding,",
                        "          Structure,",
                        "          CurrentUsage,",
                        "          PostTransactionUsage = ID,",
                        "          PlanningType,",
                        "          MaximumBuildingCoverageRatio,",
                        "          TransactionYear,",
                        "          TransactionQuarter",
                        "     ),",
                        "     skipDuplicateMapInputs: true,",
                        "     skipDuplicateMapOutputs: true) ~> usePostTransactionUsageID",
                        "usePostTransactionUsageID, getExistingPlanningTypes lookup(PlanningType == Type,",
                        "     multiple: true,",
                        "     broadcast: 'auto')~> joinPlanningTypesData",
                        "joinPlanningTypesData select(mapColumn(",
                        "          No,",
                        "          RealEstateType,",
                        "          Region,",
                        "          Prefecture,",
                        "          City,",
                        "          District,",
                        "          NearestStation,",
                        "          TimeToNearestStation,",
                        "          MinTimeToNearestStation,",
                        "          MaxTimeToNearestStation,",
                        "          Price,",
                        "          UnitPrice,",
                        "          FloorPlan,",
                        "          Area,",
                        "          GreatArea,",
                        "          FloorArea,",
                        "          GreatFloorArea,",
                        "          Frontage,",
                        "          GreatFrontage,",
                        "          FrontageRoadType,",
                        "          FrontageRoadDirection,",
                        "          FrontageRoadBreadth,",
                        "          LandShape,",
                        "          BuildingYear,",
                        "          PrewarBuilding,",
                        "          Structure,",
                        "          CurrentUsage,",
                        "          PostTransactionUsage,",
                        "          PlanningType = ID,",
                        "          MaximumBuildingCoverageRatio,",
                        "          TransactionYear,",
                        "          TransactionQuarter",
                        "     ),",
                        "     skipDuplicateMapInputs: true,",
                        "     skipDuplicateMapOutputs: true) ~> usePlannigTypeID",
                        "usePlannigTypeID sink(allowSchemaDrift: true,",
                        "     validateSchema: false,",
                        "     input(",
                        "          ID as integer,",
                        "          RealEstateType as integer,",
                        "          Region as integer,",
                        "          Prefecture as integer,",
                        "          City as integer,",
                        "          District as integer,",
                        "          NearestStation as integer,",
                        "          MinTimeToNearestStation as integer,",
                        "          MaxTimeToNearestStation as integer,",
                        "          Price as decimal(19,4),",
                        "          UnitPrice as decimal(19,4),",
                        "          FloorPlan as integer,",
                        "          Area as decimal(18,0),",
                        "          GreatArea as boolean,",
                        "          FloorArea as decimal(18,0),",
                        "          GreatFloorArea as boolean,",
                        "          FrontageRoadType as integer,",
                        "          FrontageRoadDirection as integer,",
                        "          FrontageRoadBreadth as decimal(18,0),",
                        "          LandShape as integer,",
                        "          BuildingYear as integer,",
                        "          PrewarBuilding as boolean,",
                        "          Structure as integer,",
                        "          CurrentUsage as integer,",
                        "          PostTransactionUsage as integer,",
                        "          PlanningType as integer,",
                        "          MaximumBuildingCoverageRatio as decimal(18,0),",
                        "          TransactionYear as integer,",
                        "          TransactionQuarter as integer",
                        "     ),",
                        "     deletable:false,",
                        "     insertable:true,",
                        "     updateable:false,",
                        "     upsertable:false,",
                        "     format: 'table',",
                        "     skipDuplicateMapInputs: true,",
                        "     skipDuplicateMapOutputs: true) ~> loadData"
                    ]
                }
            },
            "dependsOn": [
                "[concat(variables('factoryId'), '/datasets/japanRealEstateData')]",
                "[concat(variables('factoryId'), '/datasets/RealEstateTypesTable')]",
                "[concat(variables('factoryId'), '/datasets/RegionsTable')]",
                "[concat(variables('factoryId'), '/datasets/PrefecturesTable')]",
                "[concat(variables('factoryId'), '/datasets/CitiesTable')]",
                "[concat(variables('factoryId'), '/datasets/DistrictsTable')]",
                "[concat(variables('factoryId'), '/datasets/StationsTable')]",
                "[concat(variables('factoryId'), '/datasets/FloorPlansTable')]",
                "[concat(variables('factoryId'), '/datasets/FrontageRoadTypesTable')]",
                "[concat(variables('factoryId'), '/datasets/Directions')]",
                "[concat(variables('factoryId'), '/datasets/LandShapesTable')]",
                "[concat(variables('factoryId'), '/datasets/StructuresTable')]",
                "[concat(variables('factoryId'), '/datasets/UsageTypesTable')]",
                "[concat(variables('factoryId'), '/datasets/PlannigTypesTable')]",
                "[concat(variables('factoryId'), '/datasets/TransactionsTable')]"
            ]
        },
        {
            "name": "[concat(parameters('factoryName'), '/loadDimensions')]",
            "type": "Microsoft.DataFactory/factories/dataflows",
            "apiVersion": "2018-06-01",
            "properties": {
                "type": "MappingDataFlow",
                "typeProperties": {
                    "sources": [
                        {
                            "dataset": {
                                "referenceName": "japanRealEstateData",
                                "type": "DatasetReference"
                            },
                            "name": "getPrefectureRealEstateData"
                        },
                        {
                            "dataset": {
                                "referenceName": "ParentTable",
                                "type": "DatasetReference"
                            },
                            "name": "getExistingParentTableRecords"
                        }
                    ],
                    "sinks": [
                        {
                            "dataset": {
                                "referenceName": "ParentTable",
                                "type": "DatasetReference"
                            },
                            "name": "loadData"
                        }
                    ],
                    "transformations": [
                        {
                            "name": "filterColumns"
                        },
                        {
                            "name": "joinExisting"
                        },
                        {
                            "name": "filterOutExisting"
                        },
                        {
                            "name": "aggregateResults"
                        },
                        {
                            "name": "prepareDataToLoad"
                        },
                        {
                            "name": "filterEmptyValues"
                        },
                        {
                            "name": "createStaticColumn1"
                        },
                        {
                            "name": "createStaticColumn2"
                        },
                        {
                            "name": "preFiltering"
                        }
                    ],
                    "scriptLines": [
                        "parameters{",
                        "     transactionsTableColumnName as string,",
                        "     parentTableDataColumnName as string (Type)",
                        "}",
                        "source(output(",
                        "          No as integer,",
                        "          Type as string,",
                        "          Region as string,",
                        "          MunicipalityCode as integer,",
                        "          Prefecture as string,",
                        "          Municipality as string,",
                        "          DistrictName as string,",
                        "          NearestStation as string,",
                        "          TimeToNearestStation as string,",
                        "          MinTimeToNearestStation as integer,",
                        "          MaxTimeToNearestStation as integer,",
                        "          TradePrice as integer,",
                        "          FloorPlan as string,",
                        "          Area as integer,",
                        "          AreaIsGreaterFlag as integer,",
                        "          UnitPrice as integer,",
                        "          PricePerTsubo as integer,",
                        "          LandShape as string,",
                        "          Frontage as double,",
                        "          FrontageIsGreaterFlag as boolean,",
                        "          TotalFloorArea as integer,",
                        "          TotalFloorAreaIsGreaterFlag as integer,",
                        "          BuildingYear as integer,",
                        "          PrewarBuilding as integer,",
                        "          Structure as string,",
                        "          Use as string,",
                        "          Purpose as string,",
                        "          Direction as string,",
                        "          Classification as string,",
                        "          Breadth as double,",
                        "          CityPlanning as string,",
                        "          CoverageRatio as integer,",
                        "          FloorAreaRatio as integer,",
                        "          Period as string,",
                        "          Year as integer,",
                        "          Quarter as integer,",
                        "          Renovation as string,",
                        "          Remarks as string",
                        "     ),",
                        "     allowSchemaDrift: true,",
                        "     validateSchema: false,",
                        "     ignoreNoFilesFound: false,",
                        "     documentForm: 'arrayOfDocuments',",
                        "     mode: 'read') ~> getPrefectureRealEstateData",
                        "source(output(",
                        "          ID as integer,",
                        "          Type as string",
                        "     ),",
                        "     allowSchemaDrift: true,",
                        "     validateSchema: false,",
                        "     isolationLevel: 'READ_UNCOMMITTED',",
                        "     format: 'table') ~> getExistingParentTableRecords",
                        "getPrefectureRealEstateData select(mapColumn(",
                        "          No,",
                        "          RealEstateType = Type,",
                        "          Region,",
                        "          Prefecture,",
                        "          City = Municipality,",
                        "          District = DistrictName,",
                        "          NearestStation,",
                        "          FloorPlan,",
                        "          FrontageRoadType = Classification,",
                        "          FrontageRoadDirection = Direction,",
                        "          LandShape,",
                        "          Structure,",
                        "          CurrentUsage = Use,",
                        "          PostTransactionUsage = Purpose,",
                        "          PlanningType = CityPlanning",
                        "     ),",
                        "     skipDuplicateMapInputs: true,",
                        "     skipDuplicateMapOutputs: true) ~> filterColumns",
                        "createStaticColumn1, createStaticColumn2 lookup(staticColumnToLookUp1 == staticColumnToLookUp2,",
                        "     multiple: true,",
                        "     broadcast: 'right')~> joinExisting",
                        "preFiltering filter(toString(byName('staticColumnToLookUp2'))==\"\") ~> filterOutExisting",
                        "filterOutExisting aggregate(groupBy(dataName = $transactionsTableColumnName),",
                        "     helper = count($transactionsTableColumnName)) ~> aggregateResults",
                        "aggregateResults derive(dataType = dataName) ~> prepareDataToLoad",
                        "filterColumns filter($transactionsTableColumnName!=\"\") ~> filterEmptyValues",
                        "filterEmptyValues derive(staticColumnToLookUp1 = $transactionsTableColumnName) ~> createStaticColumn1",
                        "getExistingParentTableRecords derive(staticColumnToLookUp2 = coalesce(toString(byPosition(2)), toString(byPosition(3)))) ~> createStaticColumn2",
                        "joinExisting derive(staticColumnToLookUp2 = iif(isNull(staticColumnToLookUp2), '', staticColumnToLookUp2)) ~> preFiltering",
                        "prepareDataToLoad sink(allowSchemaDrift: true,",
                        "     validateSchema: false,",
                        "     input(",
                        "          ID as integer,",
                        "          Type as string",
                        "     ),",
                        "     deletable:false,",
                        "     insertable:true,",
                        "     updateable:false,",
                        "     upsertable:false,",
                        "     format: 'table',",
                        "     skipDuplicateMapInputs: true,",
                        "     skipDuplicateMapOutputs: true,",
                        "     mapColumn(",
                        "          each(match(name===\"dataName\"),",
                        "               \"Name\" = $$),",
                        "          each(match(name===\"dataType\"),",
                        "               \"Type\" = $$)",
                        "     )) ~> loadData"
                    ]
                }
            },
            "dependsOn": [
                "[concat(variables('factoryId'), '/datasets/japanRealEstateData')]",
                "[concat(variables('factoryId'), '/datasets/ParentTable')]"
            ]
        }
    ]
}