{
    "$schema": "http://schema.management.azure.com/schemas/2015-01-01/deploymentTemplate.json#",
    "contentVersion": "1.0.0.0",
    "parameters": {
        "factoryName": {
            "type": "string",
            "metadata": "Data Factory name",
            "defaultValue": "japan-datafactory"
        },
        "newFileAddedToStorage_properties_loadData_parameters_newBlobFileName": {
            "type": "string",
            "defaultValue": "@triggerBody().fileName"
        },
        "newFileAddedToStorage_properties_typeProperties_scope": {
            "type": "string",
            "defaultValue": "/subscriptions/57f08f70-aba5-4349-b051-84b24560fd89/resourceGroups/japan-real-estate/providers/Microsoft.Storage/storageAccounts/japandatastorage"
        }
    },
    "variables": {
        "factoryId": "[concat('Microsoft.DataFactory/factories/', parameters('factoryName'))]"
    },
    "resources": [
        {
            "name": "[concat(parameters('factoryName'), '/loadData')]",
            "type": "Microsoft.DataFactory/factories/pipelines",
            "apiVersion": "2018-06-01",
            "properties": {
                "activities": [
                    {
                        "name": "forEachDimension",
                        "type": "ForEach",
                        "dependsOn": [],
                        "userProperties": [],
                        "typeProperties": {
                            "items": {
                                "value": "@variables('columnsNames')",
                                "type": "Expression"
                            },
                            "isSequential": false,
                            "batchCount": 7,
                            "activities": [
                                {
                                    "name": "switchDimensions",
                                    "type": "Switch",
                                    "dependsOn": [],
                                    "userProperties": [],
                                    "typeProperties": {
                                        "on": {
                                            "value": "@item()",
                                            "type": "Expression"
                                        },
                                        "cases": [
                                            {
                                                "value": "City",
                                                "activities": [
                                                    {
                                                        "name": "japanAddNewValuesToCitiesTable",
                                                        "type": "ExecuteDataFlow",
                                                        "dependsOn": [],
                                                        "policy": {
                                                            "timeout": "0.12:00:00",
                                                            "retry": 0,
                                                            "retryIntervalInSeconds": 30,
                                                            "secureOutput": false,
                                                            "secureInput": false
                                                        },
                                                        "userProperties": [],
                                                        "typeProperties": {
                                                            "dataflow": {
                                                                "referenceName": "loadDimensions",
                                                                "type": "DataFlowReference",
                                                                "parameters": {
                                                                    "transactionsTableColumnName": "City",
                                                                    "parentTableDataColumnName": {
                                                                        "value": "'@{'Name'}'",
                                                                        "type": "Expression"
                                                                    }
                                                                },
                                                                "datasetParameters": {
                                                                    "getPrefectureRealEstateData": {
                                                                        "newBlobFileNameDataSet": "@pipeline().parameters.newBlobFileName"
                                                                    },
                                                                    "getExistingParentTableRecords": {
                                                                        "TableName": "Cities"
                                                                    },
                                                                    "loadData": {
                                                                        "TableName": "Cities"
                                                                    }
                                                                }
                                                            },
                                                            "staging": {},
                                                            "compute": {
                                                                "coreCount": 8,
                                                                "computeType": "General"
                                                            },
                                                            "traceLevel": "Fine"
                                                        }
                                                    }
                                                ]
                                            },
                                            {
                                                "value": "FrontageRoadDirection",
                                                "activities": [
                                                    {
                                                        "name": "japanAddNewValuesToFrontageRoadDirectionTable",
                                                        "type": "ExecuteDataFlow",
                                                        "dependsOn": [],
                                                        "policy": {
                                                            "timeout": "0.12:00:00",
                                                            "retry": 0,
                                                            "retryIntervalInSeconds": 30,
                                                            "secureOutput": false,
                                                            "secureInput": false
                                                        },
                                                        "userProperties": [],
                                                        "typeProperties": {
                                                            "dataflow": {
                                                                "referenceName": "loadDimensions",
                                                                "type": "DataFlowReference",
                                                                "parameters": {
                                                                    "transactionsTableColumnName": "FrontageRoadDirection",
                                                                    "parentTableDataColumnName": "'Name'"
                                                                },
                                                                "datasetParameters": {
                                                                    "getPrefectureRealEstateData": {
                                                                        "newBlobFileNameDataSet": "@pipeline().parameters.newBlobFileName"
                                                                    },
                                                                    "getExistingParentTableRecords": {
                                                                        "TableName": "Directions"
                                                                    },
                                                                    "loadData": {
                                                                        "TableName": "Directions"
                                                                    }
                                                                }
                                                            },
                                                            "staging": {},
                                                            "compute": {
                                                                "coreCount": 8,
                                                                "computeType": "General"
                                                            },
                                                            "traceLevel": "Fine"
                                                        }
                                                    }
                                                ]
                                            },
                                            {
                                                "value": "District",
                                                "activities": [
                                                    {
                                                        "name": "japanAddNewValuesToDistrictsTable",
                                                        "type": "ExecuteDataFlow",
                                                        "dependsOn": [],
                                                        "policy": {
                                                            "timeout": "0.12:00:00",
                                                            "retry": 0,
                                                            "retryIntervalInSeconds": 30,
                                                            "secureOutput": false,
                                                            "secureInput": false
                                                        },
                                                        "userProperties": [],
                                                        "typeProperties": {
                                                            "dataflow": {
                                                                "referenceName": "loadDimensions",
                                                                "type": "DataFlowReference",
                                                                "parameters": {
                                                                    "transactionsTableColumnName": "District",
                                                                    "parentTableDataColumnName": "'Name'"
                                                                },
                                                                "datasetParameters": {
                                                                    "getPrefectureRealEstateData": {
                                                                        "newBlobFileNameDataSet": "@pipeline().parameters.newBlobFileName"
                                                                    },
                                                                    "getExistingParentTableRecords": {
                                                                        "TableName": "Districts"
                                                                    },
                                                                    "loadData": {
                                                                        "TableName": "Districts"
                                                                    }
                                                                }
                                                            },
                                                            "staging": {},
                                                            "compute": {
                                                                "coreCount": 8,
                                                                "computeType": "General"
                                                            },
                                                            "traceLevel": "Fine"
                                                        }
                                                    }
                                                ]
                                            },
                                            {
                                                "value": "FloorPlan",
                                                "activities": [
                                                    {
                                                        "name": "japanAddNewValuesToFloorPlanTable",
                                                        "type": "ExecuteDataFlow",
                                                        "dependsOn": [],
                                                        "policy": {
                                                            "timeout": "0.12:00:00",
                                                            "retry": 0,
                                                            "retryIntervalInSeconds": 30,
                                                            "secureOutput": false,
                                                            "secureInput": false
                                                        },
                                                        "userProperties": [],
                                                        "typeProperties": {
                                                            "dataflow": {
                                                                "referenceName": "loadDimensions",
                                                                "type": "DataFlowReference",
                                                                "parameters": {
                                                                    "transactionsTableColumnName": "FloorPlan",
                                                                    "parentTableDataColumnName": "'Type'"
                                                                },
                                                                "datasetParameters": {
                                                                    "getPrefectureRealEstateData": {
                                                                        "newBlobFileNameDataSet": "@pipeline().parameters.newBlobFileName"
                                                                    },
                                                                    "getExistingParentTableRecords": {
                                                                        "TableName": "FloorPlans"
                                                                    },
                                                                    "loadData": {
                                                                        "TableName": "FloorPlans"
                                                                    }
                                                                }
                                                            },
                                                            "staging": {},
                                                            "compute": {
                                                                "coreCount": 8,
                                                                "computeType": "General"
                                                            },
                                                            "traceLevel": "Fine"
                                                        }
                                                    }
                                                ]
                                            },
                                            {
                                                "value": "FrontageRoadType",
                                                "activities": [
                                                    {
                                                        "name": "japanAddNewValuesToFrontageRoadTypeTable",
                                                        "type": "ExecuteDataFlow",
                                                        "dependsOn": [],
                                                        "policy": {
                                                            "timeout": "0.12:00:00",
                                                            "retry": 0,
                                                            "retryIntervalInSeconds": 30,
                                                            "secureOutput": false,
                                                            "secureInput": false
                                                        },
                                                        "userProperties": [],
                                                        "typeProperties": {
                                                            "dataflow": {
                                                                "referenceName": "loadDimensions",
                                                                "type": "DataFlowReference",
                                                                "parameters": {
                                                                    "transactionsTableColumnName": "FrontageRoadType",
                                                                    "parentTableDataColumnName": "'Type'"
                                                                },
                                                                "datasetParameters": {
                                                                    "getPrefectureRealEstateData": {
                                                                        "newBlobFileNameDataSet": "@pipeline().parameters.newBlobFileName"
                                                                    },
                                                                    "getExistingParentTableRecords": {
                                                                        "TableName": "FrontageRoadTypes"
                                                                    },
                                                                    "loadData": {
                                                                        "TableName": "FrontageRoadTypes"
                                                                    }
                                                                }
                                                            },
                                                            "staging": {},
                                                            "compute": {
                                                                "coreCount": 8,
                                                                "computeType": "General"
                                                            },
                                                            "traceLevel": "Fine"
                                                        }
                                                    }
                                                ]
                                            },
                                            {
                                                "value": "LandShape",
                                                "activities": [
                                                    {
                                                        "name": "japanAddNewValuesToLandShapesTable",
                                                        "type": "ExecuteDataFlow",
                                                        "dependsOn": [],
                                                        "policy": {
                                                            "timeout": "0.12:00:00",
                                                            "retry": 0,
                                                            "retryIntervalInSeconds": 30,
                                                            "secureOutput": false,
                                                            "secureInput": false
                                                        },
                                                        "userProperties": [],
                                                        "typeProperties": {
                                                            "dataflow": {
                                                                "referenceName": "loadDimensions",
                                                                "type": "DataFlowReference",
                                                                "parameters": {
                                                                    "transactionsTableColumnName": "LandShape",
                                                                    "parentTableDataColumnName": "'Name'"
                                                                },
                                                                "datasetParameters": {
                                                                    "getPrefectureRealEstateData": {
                                                                        "newBlobFileNameDataSet": "@pipeline().parameters.newBlobFileName"
                                                                    },
                                                                    "getExistingParentTableRecords": {
                                                                        "TableName": "LandShapes"
                                                                    },
                                                                    "loadData": {
                                                                        "TableName": "LandShapes"
                                                                    }
                                                                }
                                                            },
                                                            "staging": {},
                                                            "compute": {
                                                                "coreCount": 8,
                                                                "computeType": "General"
                                                            },
                                                            "traceLevel": "Fine"
                                                        }
                                                    }
                                                ]
                                            },
                                            {
                                                "value": "PlanningType",
                                                "activities": [
                                                    {
                                                        "name": "japanAddNewValuesToPlanningTypesTable",
                                                        "type": "ExecuteDataFlow",
                                                        "dependsOn": [],
                                                        "policy": {
                                                            "timeout": "0.12:00:00",
                                                            "retry": 0,
                                                            "retryIntervalInSeconds": 30,
                                                            "secureOutput": false,
                                                            "secureInput": false
                                                        },
                                                        "userProperties": [],
                                                        "typeProperties": {
                                                            "dataflow": {
                                                                "referenceName": "loadDimensions",
                                                                "type": "DataFlowReference",
                                                                "parameters": {
                                                                    "transactionsTableColumnName": "PlanningType",
                                                                    "parentTableDataColumnName": "'Type'"
                                                                },
                                                                "datasetParameters": {
                                                                    "getPrefectureRealEstateData": {
                                                                        "newBlobFileNameDataSet": "@pipeline().parameters.newBlobFileName"
                                                                    },
                                                                    "getExistingParentTableRecords": {
                                                                        "TableName": "PlanningTypes"
                                                                    },
                                                                    "loadData": {
                                                                        "TableName": "PlanningTypes"
                                                                    }
                                                                }
                                                            },
                                                            "staging": {},
                                                            "compute": {
                                                                "coreCount": 8,
                                                                "computeType": "General"
                                                            },
                                                            "traceLevel": "Fine"
                                                        }
                                                    }
                                                ]
                                            },
                                            {
                                                "value": "Prefecture",
                                                "activities": [
                                                    {
                                                        "name": "japanAddNewValuesToPrefectureTable",
                                                        "type": "ExecuteDataFlow",
                                                        "dependsOn": [],
                                                        "policy": {
                                                            "timeout": "0.12:00:00",
                                                            "retry": 0,
                                                            "retryIntervalInSeconds": 30,
                                                            "secureOutput": false,
                                                            "secureInput": false
                                                        },
                                                        "userProperties": [],
                                                        "typeProperties": {
                                                            "dataflow": {
                                                                "referenceName": "loadDimensions",
                                                                "type": "DataFlowReference",
                                                                "parameters": {
                                                                    "transactionsTableColumnName": "Prefecture",
                                                                    "parentTableDataColumnName": "'Name'"
                                                                },
                                                                "datasetParameters": {
                                                                    "getPrefectureRealEstateData": {
                                                                        "newBlobFileNameDataSet": "@pipeline().parameters.newBlobFileName"
                                                                    },
                                                                    "getExistingParentTableRecords": {
                                                                        "TableName": "Prefectures"
                                                                    },
                                                                    "loadData": {
                                                                        "TableName": "Prefectures"
                                                                    }
                                                                }
                                                            },
                                                            "staging": {},
                                                            "compute": {
                                                                "coreCount": 8,
                                                                "computeType": "General"
                                                            },
                                                            "traceLevel": "Fine"
                                                        }
                                                    }
                                                ]
                                            },
                                            {
                                                "value": "RealEstateType",
                                                "activities": [
                                                    {
                                                        "name": "japanAddNewValuesToRealEstateTypesTable",
                                                        "type": "ExecuteDataFlow",
                                                        "dependsOn": [],
                                                        "policy": {
                                                            "timeout": "0.12:00:00",
                                                            "retry": 0,
                                                            "retryIntervalInSeconds": 30,
                                                            "secureOutput": false,
                                                            "secureInput": false
                                                        },
                                                        "userProperties": [],
                                                        "typeProperties": {
                                                            "dataflow": {
                                                                "referenceName": "loadDimensions",
                                                                "type": "DataFlowReference",
                                                                "parameters": {
                                                                    "transactionsTableColumnName": "RealEstateType",
                                                                    "parentTableDataColumnName": "'Type'"
                                                                },
                                                                "datasetParameters": {
                                                                    "getPrefectureRealEstateData": {
                                                                        "newBlobFileNameDataSet": "@pipeline().parameters.newBlobFileName"
                                                                    },
                                                                    "getExistingParentTableRecords": {
                                                                        "TableName": "RealEstateTypes"
                                                                    },
                                                                    "loadData": {
                                                                        "TableName": "RealEstateTypes"
                                                                    }
                                                                }
                                                            },
                                                            "staging": {},
                                                            "compute": {
                                                                "coreCount": 8,
                                                                "computeType": "General"
                                                            },
                                                            "traceLevel": "Fine"
                                                        }
                                                    }
                                                ]
                                            },
                                            {
                                                "value": "Region",
                                                "activities": [
                                                    {
                                                        "name": "japanAddNewValuesToRegionsTable",
                                                        "type": "ExecuteDataFlow",
                                                        "dependsOn": [],
                                                        "policy": {
                                                            "timeout": "0.12:00:00",
                                                            "retry": 0,
                                                            "retryIntervalInSeconds": 30,
                                                            "secureOutput": false,
                                                            "secureInput": false
                                                        },
                                                        "userProperties": [],
                                                        "typeProperties": {
                                                            "dataflow": {
                                                                "referenceName": "loadDimensions",
                                                                "type": "DataFlowReference",
                                                                "parameters": {
                                                                    "transactionsTableColumnName": "Region",
                                                                    "parentTableDataColumnName": "'Name'"
                                                                },
                                                                "datasetParameters": {
                                                                    "getPrefectureRealEstateData": {
                                                                        "newBlobFileNameDataSet": "@pipeline().parameters.newBlobFileName"
                                                                    },
                                                                    "getExistingParentTableRecords": {
                                                                        "TableName": "Regions"
                                                                    },
                                                                    "loadData": {
                                                                        "TableName": "Regions"
                                                                    }
                                                                }
                                                            },
                                                            "staging": {},
                                                            "compute": {
                                                                "coreCount": 8,
                                                                "computeType": "General"
                                                            },
                                                            "traceLevel": "Fine"
                                                        }
                                                    }
                                                ]
                                            },
                                            {
                                                "value": "NearestStation",
                                                "activities": [
                                                    {
                                                        "name": "japanAddNewValuesToStationsTable",
                                                        "type": "ExecuteDataFlow",
                                                        "dependsOn": [],
                                                        "policy": {
                                                            "timeout": "0.12:00:00",
                                                            "retry": 0,
                                                            "retryIntervalInSeconds": 30,
                                                            "secureOutput": false,
                                                            "secureInput": false
                                                        },
                                                        "userProperties": [],
                                                        "typeProperties": {
                                                            "dataflow": {
                                                                "referenceName": "loadDimensions",
                                                                "type": "DataFlowReference",
                                                                "parameters": {
                                                                    "transactionsTableColumnName": "NearestStation",
                                                                    "parentTableDataColumnName": "'Name'"
                                                                },
                                                                "datasetParameters": {
                                                                    "getPrefectureRealEstateData": {
                                                                        "newBlobFileNameDataSet": "@pipeline().parameters.newBlobFileName"
                                                                    },
                                                                    "getExistingParentTableRecords": {
                                                                        "TableName": "Stations"
                                                                    },
                                                                    "loadData": {
                                                                        "TableName": "Stations"
                                                                    }
                                                                }
                                                            },
                                                            "staging": {},
                                                            "compute": {
                                                                "coreCount": 8,
                                                                "computeType": "General"
                                                            },
                                                            "traceLevel": "Fine"
                                                        }
                                                    }
                                                ]
                                            },
                                            {
                                                "value": "Structure",
                                                "activities": [
                                                    {
                                                        "name": "japanAddNewValuesToStructuresTable",
                                                        "type": "ExecuteDataFlow",
                                                        "dependsOn": [],
                                                        "policy": {
                                                            "timeout": "0.12:00:00",
                                                            "retry": 0,
                                                            "retryIntervalInSeconds": 30,
                                                            "secureOutput": false,
                                                            "secureInput": false
                                                        },
                                                        "userProperties": [],
                                                        "typeProperties": {
                                                            "dataflow": {
                                                                "referenceName": "loadDimensions",
                                                                "type": "DataFlowReference",
                                                                "parameters": {
                                                                    "transactionsTableColumnName": "Structure",
                                                                    "parentTableDataColumnName": "'Name'"
                                                                },
                                                                "datasetParameters": {
                                                                    "getPrefectureRealEstateData": {
                                                                        "newBlobFileNameDataSet": "@pipeline().parameters.newBlobFileName"
                                                                    },
                                                                    "getExistingParentTableRecords": {
                                                                        "TableName": "Structures"
                                                                    },
                                                                    "loadData": {
                                                                        "TableName": "Structures"
                                                                    }
                                                                }
                                                            },
                                                            "staging": {},
                                                            "compute": {
                                                                "coreCount": 8,
                                                                "computeType": "General"
                                                            },
                                                            "traceLevel": "Fine"
                                                        }
                                                    }
                                                ]
                                            },
                                            {
                                                "value": "CurrentUsage",
                                                "activities": [
                                                    {
                                                        "name": "japanAddNewValuesToUsageTypesTable",
                                                        "type": "ExecuteDataFlow",
                                                        "dependsOn": [],
                                                        "policy": {
                                                            "timeout": "0.12:00:00",
                                                            "retry": 0,
                                                            "retryIntervalInSeconds": 30,
                                                            "secureOutput": false,
                                                            "secureInput": false
                                                        },
                                                        "userProperties": [],
                                                        "typeProperties": {
                                                            "dataflow": {
                                                                "referenceName": "loadDimensions",
                                                                "type": "DataFlowReference",
                                                                "parameters": {
                                                                    "transactionsTableColumnName": "CurrentUsage",
                                                                    "parentTableDataColumnName": "'Type'"
                                                                },
                                                                "datasetParameters": {
                                                                    "getPrefectureRealEstateData": {
                                                                        "newBlobFileNameDataSet": "@pipeline().parameters.newBlobFileName"
                                                                    },
                                                                    "getExistingParentTableRecords": {
                                                                        "TableName": "UsageTypes"
                                                                    },
                                                                    "loadData": {
                                                                        "TableName": "UsageTypes"
                                                                    }
                                                                }
                                                            },
                                                            "staging": {},
                                                            "compute": {
                                                                "coreCount": 8,
                                                                "computeType": "General"
                                                            },
                                                            "traceLevel": "Fine"
                                                        }
                                                    }
                                                ]
                                            },
                                            {
                                                "value": "PostTransactionUsage",
                                                "activities": [
                                                    {
                                                        "name": "japanAddNewValuesToPostTransactionUsageTable",
                                                        "type": "ExecuteDataFlow",
                                                        "dependsOn": [],
                                                        "policy": {
                                                            "timeout": "0.12:00:00",
                                                            "retry": 0,
                                                            "retryIntervalInSeconds": 30,
                                                            "secureOutput": false,
                                                            "secureInput": false
                                                        },
                                                        "userProperties": [],
                                                        "typeProperties": {
                                                            "dataflow": {
                                                                "referenceName": "loadDimensions",
                                                                "type": "DataFlowReference",
                                                                "parameters": {
                                                                    "transactionsTableColumnName": "PostTransactionUsage",
                                                                    "parentTableDataColumnName": "'Type'"
                                                                },
                                                                "datasetParameters": {
                                                                    "getPrefectureRealEstateData": {
                                                                        "newBlobFileNameDataSet": "@pipeline().parameters.newBlobFileName"
                                                                    },
                                                                    "getExistingParentTableRecords": {
                                                                        "TableName": "UsageTypes"
                                                                    },
                                                                    "loadData": {
                                                                        "TableName": "UsageTypes"
                                                                    }
                                                                }
                                                            },
                                                            "staging": {},
                                                            "compute": {
                                                                "coreCount": 8,
                                                                "computeType": "General"
                                                            },
                                                            "traceLevel": "Fine"
                                                        }
                                                    }
                                                ]
                                            }
                                        ]
                                    }
                                }
                            ]
                        }
                    },
                    {
                        "name": "japanDataflow",
                        "type": "ExecuteDataFlow",
                        "dependsOn": [
                            {
                                "activity": "forEachDimension",
                                "dependencyConditions": [
                                    "Succeeded"
                                ]
                            }
                        ],
                        "policy": {
                            "timeout": "0.12:00:00",
                            "retry": 0,
                            "retryIntervalInSeconds": 30,
                            "secureOutput": false,
                            "secureInput": false
                        },
                        "userProperties": [],
                        "typeProperties": {
                            "dataflow": {
                                "referenceName": "loadTransactions",
                                "type": "DataFlowReference",
                                "parameters": {},
                                "datasetParameters": {
                                    "getPrefectureRealEstateData": {
                                        "newBlobFileNameDataSet": "@pipeline().parameters.newBlobFileName"
                                    },
                                    "getExistingRealEstateTypes": {},
                                    "getExistingRegions": {},
                                    "getExistingPrefectures": {},
                                    "getExistingCities": {},
                                    "getExistingDistricts": {},
                                    "getExistingStations": {},
                                    "getExistingFloorPlans": {},
                                    "getExistingFrontageRoadTypes": {},
                                    "getExistingFrontageRoadDirections": {},
                                    "getExistingLandShapes": {},
                                    "getExistingStructures": {},
                                    "getExistingUsageTypes": {},
                                    "getExistingPlanningTypes": {},
                                    "loadData": {}
                                }
                            },
                            "staging": {},
                            "compute": {
                                "coreCount": 8,
                                "computeType": "General"
                            },
                            "traceLevel": "Fine"
                        }
                    }
                ],
                "concurrency": 1,
                "policy": {
                    "elapsedTimeMetric": {}
                },
                "parameters": {
                    "newBlobFileName": {
                        "type": "string"
                    }
                },
                "variables": {
                    "columnsNames": {
                        "type": "Array",
                        "defaultValue": [
                            "RealEstateType",
                            "Region",
                            "Prefecture",
                            "City",
                            "District",
                            "NearestStation",
                            "FloorPlan",
                            "FrontageRoadType",
                            "FrontageRoadDirection",
                            "LandShape",
                            "Structure",
                            "CurrentUsage",
                            "PostTransactionUsage",
                            "PlanningType"
                        ]
                    }
                },
                "annotations": [],
                "lastPublishTime": "2025-01-13T00:19:22Z"
            },
            "dependsOn": []
        },
        {
            "name": "[concat(parameters('factoryName'), '/newFileAddedToStorage')]",
            "type": "Microsoft.DataFactory/factories/triggers",
            "apiVersion": "2018-06-01",
            "properties": {
                "annotations": [],
                "runtimeState": "Stopped",
                "pipelines": [
                    {
                        "pipelineReference": {
                            "referenceName": "loadData",
                            "type": "PipelineReference"
                        },
                        "parameters": {
                            "newBlobFileName": "[parameters('newFileAddedToStorage_properties_loadData_parameters_newBlobFileName')]"
                        }
                    }
                ],
                "type": "BlobEventsTrigger",
                "typeProperties": {
                    "blobPathBeginsWith": "/japan-real-estate-data/blobs/",
                    "ignoreEmptyBlobs": true,
                    "scope": "[parameters('newFileAddedToStorage_properties_typeProperties_scope')]",
                    "events": [
                        "Microsoft.Storage.BlobCreated"
                    ]
                }
            },
            "dependsOn": [
                "[concat(variables('factoryId'), '/pipelines/loadData')]"
            ]
        }
    ]
}